0001;1;0001-1-cropped.tif;train;0001
0001;2;0001-2-cropped.tif;val;0001
0001;3;0001-3-cropped.tif;train;0001
0001;4;0001-4-cropped.tif;val;0001
0001;6;0001-6-cropped.tif;train;0001
0001;7;0001-7-cropped.tif;train;0001
0001;8;0001-8-cropped.tif;train;0001
0002;1;0002-1-cropped.tif;train;0002
0002;2;0002-2-cropped.tif;val;0002
0002;3;0002-3-cropped.tif;train;0002
0002;4;0002-4-cropped.tif;val;0002
0002;6;0002-6-cropped.tif;train;0002
0002;7;0002-7-cropped.tif;train;0002
0002;8;0002-8-cropped.tif;train;0002
0003;1;0003-1-cropped.tif;train;0003
0003;2;0003-2-cropped.tif;val;0003
0003;3;0003-3-cropped.tif;train;0003
0003;4;0003-4-cropped.tif;val;0003
0003;6;0003-6-cropped.tif;train;0003
0003;7;0003-7-cropped.tif;train;0003
0003;8;0003-8-cropped.tif;train;0003
0004;1;0004-1-cropped.tif;train;0004
0004;2;0004-2-cropped.tif;val;0004
0004;3;0004-3-cropped.tif;train;0004
0004;4;0004-4-cropped.tif;val;0004
0004;6;0004-6-cropped.tif;train;0004
0004;7;0004-7-cropped.tif;train;0004
0004;8;0004-8-cropped.tif;train;0004
0005;1;0005-1-cropped.tif;train;0005
0005;2;0005-2-cropped.tif;val;0005
0005;3;0005-3-cropped.tif;train;0005
0005;4;0005-4-cropped.tif;val;0005
0005;6;0005-6-cropped.tif;train;0005
0005;7;0005-7-cropped.tif;train;0005
0005;8;0005-8-cropped.tif;train;0005
0006;1;0006-1-cropped.tif;train;0006
0006;2;0006-2-cropped.tif;val;0006
0006;3;0006-3-cropped.tif;train;0006
0006;4;0006-4-cropped.tif;val;0006
0006;6;0006-6-cropped.tif;train;0006
0006;7;0006-7-cropped.tif;train;0006
0006;8;0006-8-cropped.tif;train;0006
0012;1;0012-1-cropped.tif;train;0012
0012;2;0012-2-cropped.tif;val;0012
0012;3;0012-3-cropped.tif;train;0012
0012;4;0012-4-cropped.tif;val;0012
0012;6;0012-6-cropped.tif;train;0012
0012;7;0012-7-cropped.tif;train;0012
0012;8;0012-8-cropped.tif;train;0012
0013;1;0013-1-cropped.tif;train;0013
0013;2;0013-2-cropped.tif;val;0013
0013;3;0013-3-cropped.tif;train;0013
0013;4;0013-4-cropped.tif;val;0013
0013;6;0013-6-cropped.tif;train;0013
0013;7;0013-7-cropped.tif;train;0013
0013;8;0013-8-cropped.tif;train;0013
0014;1;0014-1-cropped.tif;train;0014
0014;2;0014-2-cropped.tif;val;0014
0014;3;0014-3-cropped.tif;train;0014
0014;4;0014-4-cropped.tif;val;0014
0014;6;0014-6-cropped.tif;train;0014
0014;7;0014-7-cropped.tif;train;0014
0014;8;0014-8-cropped.tif;train;0014
0015;1;0015-1-cropped.tif;train;0015
0015;2;0015-2-cropped.tif;val;0015
0015;3;0015-3-cropped.tif;train;0015
0015;4;0015-4-cropped.tif;val;0015
0015;6;0015-6-cropped.tif;train;0015
0015;7;0015-7-cropped.tif;train;0015
0015;8;0015-8-cropped.tif;train;0015
0016;1;0016-1-cropped.tif;train;0016
0016;2;0016-2-cropped.tif;val;0016
0016;3;0016-3-cropped.tif;train;0016
0016;4;0016-4-cropped.tif;val;0016
0016;6;0016-6-cropped.tif;train;0016
0016;7;0016-7-cropped.tif;train;0016
0016;8;0016-8-cropped.tif;train;0016
0017;1;0017-1-cropped.tif;train;0017
0017;2;0017-2-cropped.tif;val;0017
0017;3;0017-3-cropped.tif;train;0017
0017;4;0017-4-cropped.tif;val;0017
0017;6;0017-6-cropped.tif;train;0017
0017;7;0017-7-cropped.tif;train;0017
0017;8;0017-8-cropped.tif;train;0017
0018;1;0018-1-cropped.tif;train;0018
0018;2;0018-2-cropped.tif;val;0018
0018;3;0018-3-cropped.tif;train;0018
0018;4;0018-4-cropped.tif;val;0018
0018;6;0018-6-cropped.tif;train;0018
0018;7;0018-7-cropped.tif;train;0018
0018;8;0018-8-cropped.tif;train;0018
0020;1;0020-1-cropped.tif;train;0020
0020;2;0020-2-cropped.tif;val;0020
0020;3;0020-3-cropped.tif;train;0020
0020;4;0020-4-cropped.tif;val;0020
0020;6;0020-6-cropped.tif;train;0020
0020;7;0020-7-cropped.tif;train;0020
0020;8;0020-8-cropped.tif;train;0020
0021;1;0021-1-cropped.tif;train;0021
0021;2;0021-2-cropped.tif;val;0021
0021;3;0021-3-cropped.tif;train;0021
0021;4;0021-4-cropped.tif;val;0021
0021;6;0021-6-cropped.tif;train;0021
0021;7;0021-7-cropped.tif;train;0021
0021;8;0021-8-cropped.tif;train;0021
0022;1;0022-1-cropped.tif;train;0022
0022;2;0022-2-cropped.tif;val;0022
0022;3;0022-3-cropped.tif;train;0022
0022;4;0022-4-cropped.tif;val;0022
0022;6;0022-6-cropped.tif;train;0022
0022;7;0022-7-cropped.tif;train;0022
0022;8;0022-8-cropped.tif;train;0022
0023;1;0023-1-cropped.tif;train;0023
0023;2;0023-2-cropped.tif;val;0023
0023;3;0023-3-cropped.tif;train;0023
0023;4;0023-4-cropped.tif;val;0023
0023;6;0023-6-cropped.tif;train;0023
0023;7;0023-7-cropped.tif;train;0023
0023;8;0023-8-cropped.tif;train;0023
0024;1;0024-1-cropped.tif;train;0024
0024;2;0024-2-cropped.tif;val;0024
0024;3;0024-3-cropped.tif;train;0024
0024;4;0024-4-cropped.tif;val;0024
0024;6;0024-6-cropped.tif;train;0024
0024;7;0024-7-cropped.tif;train;0024
0024;8;0024-8-cropped.tif;train;0024
0025;1;0025-1-cropped.tif;train;0025
0025;2;0025-2-cropped.tif;val;0025
0025;3;0025-3-cropped.tif;train;0025
0025;4;0025-4-cropped.tif;val;0025
0025;6;0025-6-cropped.tif;train;0025
0025;7;0025-7-cropped.tif;train;0025
0025;8;0025-8-cropped.tif;train;0025
0026;1;0026-1-cropped.tif;train;0026
0026;2;0026-2-cropped.tif;val;0026
0026;3;0026-3-cropped.tif;train;0026
0026;4;0026-4-cropped.tif;val;0026
0026;6;0026-6-cropped.tif;train;0026
0026;7;0026-7-cropped.tif;train;0026
0026;8;0026-8-cropped.tif;train;0026
0027;1;0027-1-cropped.tif;train;0027
0027;2;0027-2-cropped.tif;val;0027
0027;3;0027-3-cropped.tif;train;0027
0027;4;0027-4-cropped.tif;val;0027
0027;6;0027-6-cropped.tif;train;0027
0027;7;0027-7-cropped.tif;train;0027
0027;8;0027-8-cropped.tif;train;0027
0028;1;0028-1-cropped.tif;train;0028
0028;2;0028-2-cropped.tif;val;0028
0028;3;0028-3-cropped.tif;train;0028
0028;4;0028-4-cropped.tif;val;0028
0028;6;0028-6-cropped.tif;train;0028
0028;7;0028-7-cropped.tif;train;0028
0028;8;0028-8-cropped.tif;train;0028
0029;1;0029-1-cropped.tif;train;0029
0029;2;0029-2-cropped.tif;val;0029
0029;3;0029-3-cropped.tif;train;0029
0029;4;0029-4-cropped.tif;val;0029
0029;6;0029-6-cropped.tif;train;0029
0029;7;0029-7-cropped.tif;train;0029
0029;8;0029-8-cropped.tif;train;0029
0041;1;0041-1-cropped.tif;train;0041
0041;2;0041-2-cropped.tif;val;0041
0041;3;0041-3-cropped.tif;train;0041
0041;4;0041-4-cropped.tif;val;0041
0041;6;0041-6-cropped.tif;train;0041
0041;7;0041-7-cropped.tif;train;0041
0041;8;0041-8-cropped.tif;train;0041
0042;1;0042-1-cropped.tif;train;0042
0042;2;0042-2-cropped.tif;val;0042
0042;3;0042-3-cropped.tif;train;0042
0042;4;0042-4-cropped.tif;val;0042
0042;6;0042-6-cropped.tif;train;0042
0042;7;0042-7-cropped.tif;train;0042
0042;8;0042-8-cropped.tif;train;0042
0047;1;0047-1-cropped.tif;train;0047
0047;2;0047-2-cropped.tif;val;0047
0047;3;0047-3-cropped.tif;train;0047
0047;4;0047-4-cropped.tif;val;0047
0047;6;0047-6-cropped.tif;train;0047
0047;7;0047-7-cropped.tif;train;0047
0047;8;0047-8-cropped.tif;train;0047
0050;1;0050-1-cropped.tif;train;0050
0050;2;0050-2-cropped.tif;val;0050
0050;3;0050-3-cropped.tif;train;0050
0050;4;0050-4-cropped.tif;val;0050
0050;6;0050-6-cropped.tif;train;0050
0050;7;0050-7-cropped.tif;train;0050
0050;8;0050-8-cropped.tif;train;0050
0052;1;0052-1-cropped.tif;test;0052/1
0052;2;0052-2-cropped.tif;test;0052/2
0052;3;0052-3-cropped.tif;test;0052/3
0052;4;0052-4-cropped.tif;test;0052/4
0052;6;0052-6-cropped.tif;test;0052/6
0053;1;0053-1-cropped.tif;test;0053/1
0053;2;0053-2-cropped.tif;test;0053/2
0053;3;0053-3-cropped.tif;test;0053/3
0053;4;0053-4-cropped.tif;test;0053/4
0053;6;0053-6-cropped.tif;test;0053/6
0057;1;0057-1-cropped.tif;test;0057/1
0057;2;0057-2-cropped.tif;test;0057/2
0057;3;0057-3-cropped.tif;test;0057/3
0057;4;0057-4-cropped.tif;test;0057/4
0057;6;0057-6-cropped.tif;test;0057/6
0058;1;0058-1-cropped.tif;test;0058/1
0058;2;0058-2-cropped.tif;test;0058/2
0058;3;0058-3-cropped.tif;test;0058/3
0058;4;0058-4-cropped.tif;test;0058/4
0058;6;0058-6-cropped.tif;test;0058/6
0059;1;0059-1-cropped.tif;test;0059/1
0059;2;0059-2-cropped.tif;test;0059/2
0059;3;0059-3-cropped.tif;test;0059/3
0059;4;0059-4-cropped.tif;test;0059/4
0059;6;0059-6-cropped.tif;test;0059/6
0073;1;0073-1-cropped.tif;test;0073/1
0073;2;0073-2-cropped.tif;test;0073/2
0073;3;0073-3-cropped.tif;test;0073/3
0073;4;0073-4-cropped.tif;test;0073/4
0073;6;0073-6-cropped.tif;test;0073/6
0074;1;0074-1-cropped.tif;test;0074/1
0074;2;0074-2-cropped.tif;test;0074/2
0074;3;0074-3-cropped.tif;test;0074/3
0074;4;0074-4-cropped.tif;test;0074/4
0074;6;0074-6-cropped.tif;test;0074/6
0075;1;0075-1-cropped.tif;test;0075/1
0075;2;0075-2-cropped.tif;test;0075/2
0075;3;0075-3-cropped.tif;test;0075/3
0075;4;0075-4-cropped.tif;test;0075/4
0075;6;0075-6-cropped.tif;test;0075/6
0076;1;0076-1-cropped.tif;test;0076/1
0076;2;0076-2-cropped.tif;test;0076/2
0076;3;0076-3-cropped.tif;test;0076/3
0076;4;0076-4-cropped.tif;test;0076/4
0076;6;0076-6-cropped.tif;test;0076/6
0077;1;0077-1-cropped.tif;test;0077/1
0077;2;0077-2-cropped.tif;test;0077/2
0077;3;0077-3-cropped.tif;test;0077/3
0077;4;0077-4-cropped.tif;test;0077/4
0077;6;0077-6-cropped.tif;test;0077/6
0078;1;0078-1-cropped.tif;test;0078/1
0078;2;0078-2-cropped.tif;test;0078/2
0078;3;0078-3-cropped.tif;test;0078/3
0078;4;0078-4-cropped.tif;test;0078/4
0078;6;0078-6-cropped.tif;test;0078/6
0079;1;0079-1-cropped.tif;test;0079/1
0079;2;0079-2-cropped.tif;test;0079/2
0079;3;0079-3-cropped.tif;test;0079/3
0079;4;0079-4-cropped.tif;test;0079/4
0079;6;0079-6-cropped.tif;test;0079/6
0080;1;0080-1-cropped.tif;test;0080/1
0080;2;0080-2-cropped.tif;test;0080/2
0080;3;0080-3-cropped.tif;test;0080/3
0080;4;0080-4-cropped.tif;test;0080/4
0080;6;0080-6-cropped.tif;test;0080/6
0081;1;0081-1-cropped.tif;test;0081/1
0081;2;0081-2-cropped.tif;test;0081/2
0081;3;0081-3-cropped.tif;test;0081/3
0081;4;0081-4-cropped.tif;test;0081/4
0081;6;0081-6-cropped.tif;test;0081/6
0083;1;0083-1-cropped.tif;test;0083/1
0083;2;0083-2-cropped.tif;test;0083/2
0083;3;0083-3-cropped.tif;test;0083/3
0083;4;0083-4-cropped.tif;test;0083/4
0083;6;0083-6-cropped.tif;test;0083/6
0084;1;0084-1-cropped.tif;test;0084/1
0084;2;0084-2-cropped.tif;test;0084/2
0084;3;0084-3-cropped.tif;test;0084/3
0084;4;0084-4-cropped.tif;test;0084/4
0084;6;0084-6-cropped.tif;test;0084/6
0095;1;0095-1-cropped.tif;test;0095/1
0095;2;0095-2-cropped.tif;test;0095/2
0095;3;0095-3-cropped.tif;test;0095/3
0095;4;0095-4-cropped.tif;test;0095/4
0095;6;0095-6-cropped.tif;test;0095/6
0096;1;0096-1-cropped.tif;test;0096/1
0096;2;0096-2-cropped.tif;test;0096/2
0096;3;0096-3-cropped.tif;test;0096/3
0096;4;0096-4-cropped.tif;test;0096/4
0096;6;0096-6-cropped.tif;test;0096/6
0097;1;0097-1-cropped.tif;test;0097/1
0097;2;0097-2-cropped.tif;test;0097/2
0097;3;0097-3-cropped.tif;test;0097/3
0097;4;0097-4-cropped.tif;test;0097/4
0097;6;0097-6-cropped.tif;test;0097/6
0098;1;0098-1-cropped.tif;test;0098/1
0098;2;0098-2-cropped.tif;test;0098/2
0098;3;0098-3-cropped.tif;test;0098/3
0098;4;0098-4-cropped.tif;test;0098/4
0098;6;0098-6-cropped.tif;test;0098/6
0152;1;0152-1-cropped.tif;test;0152/1
0152;2;0152-2-cropped.tif;test;0152/2
0152;3;0152-3-cropped.tif;test;0152/3
0152;4;0152-4-cropped.tif;test;0152/4
0152;6;0152-6-cropped.tif;test;0152/6
0153;1;0153-1-cropped.tif;test;0153/1
0153;2;0153-2-cropped.tif;test;0153/2
0153;3;0153-3-cropped.tif;test;0153/3
0153;4;0153-4-cropped.tif;test;0153/4
0153;6;0153-6-cropped.tif;test;0153/6
0155;1;0155-1-cropped.tif;test;0155/1
0155;2;0155-2-cropped.tif;test;0155/2
0155;3;0155-3-cropped.tif;test;0155/3
0155;4;0155-4-cropped.tif;test;0155/4
0155;6;0155-6-cropped.tif;test;0155/6
0156;1;0156-1-cropped.tif;test;0156/1
0156;2;0156-2-cropped.tif;test;0156/2
0156;3;0156-3-cropped.tif;test;0156/3
0156;4;0156-4-cropped.tif;test;0156/4
0156;6;0156-6-cropped.tif;test;0156/6
0157;1;0157-1-cropped.tif;test;0157/1
0157;2;0157-2-cropped.tif;test;0157/2
0157;3;0157-3-cropped.tif;test;0157/3
0157;4;0157-4-cropped.tif;test;0157/4
0157;6;0157-6-cropped.tif;test;0157/6
0161;1;0161-1-cropped.tif;test;0161/1
0161;2;0161-2-cropped.tif;test;0161/2
0161;3;0161-3-cropped.tif;test;0161/3
0161;4;0161-4-cropped.tif;test;0161/4
0161;6;0161-6-cropped.tif;test;0161/6
0162;1;0162-1-cropped.tif;test;0162/1
0162;2;0162-2-cropped.tif;test;0162/2
0162;3;0162-3-cropped.tif;test;0162/3
0162;4;0162-4-cropped.tif;test;0162/4
0162;6;0162-6-cropped.tif;test;0162/6
0163;1;0163-1-cropped.tif;test;0163/1
0163;2;0163-2-cropped.tif;test;0163/2
0163;3;0163-3-cropped.tif;test;0163/3
0163;4;0163-4-cropped.tif;test;0163/4
0163;6;0163-6-cropped.tif;test;0163/6
0164;1;0164-1-cropped.tif;test;0164/1
0164;2;0164-2-cropped.tif;test;0164/2
0164;3;0164-3-cropped.tif;test;0164/3
0164;4;0164-4-cropped.tif;test;0164/4
0164;6;0164-6-cropped.tif;test;0164/6
0165;1;0165-1-cropped.tif;test;0165/1
0165;2;0165-2-cropped.tif;test;0165/2
0165;3;0165-3-cropped.tif;test;0165/3
0165;4;0165-4-cropped.tif;test;0165/4
0165;6;0165-6-cropped.tif;test;0165/6
0166;1;0166-1-cropped.tif;test;0166/1
0166;2;0166-2-cropped.tif;test;0166/2
0166;3;0166-3-cropped.tif;test;0166/3
0166;4;0166-4-cropped.tif;test;0166/4
0166;6;0166-6-cropped.tif;test;0166/6
0167;1;0167-1-cropped.tif;test;0167/1
0167;2;0167-2-cropped.tif;test;0167/2
0167;3;0167-3-cropped.tif;test;0167/3
0167;4;0167-4-cropped.tif;test;0167/4
0167;6;0167-6-cropped.tif;test;0167/6
0168;1;0168-1-cropped.tif;test;0168/1
0168;2;0168-2-cropped.tif;test;0168/2
0168;3;0168-3-cropped.tif;test;0168/3
0168;4;0168-4-cropped.tif;test;0168/4
0168;6;0168-6-cropped.tif;test;0168/6
0169;1;0169-1-cropped.tif;test;0169/1
0169;2;0169-2-cropped.tif;test;0169/2
0169;3;0169-3-cropped.tif;test;0169/3
0169;4;0169-4-cropped.tif;test;0169/4
0169;6;0169-6-cropped.tif;test;0169/6
0170;1;0170-1-cropped.tif;test;0170/1
0170;2;0170-2-cropped.tif;test;0170/2
0170;3;0170-3-cropped.tif;test;0170/3
0170;4;0170-4-cropped.tif;test;0170/4
0170;6;0170-6-cropped.tif;test;0170/6
0171;1;0171-1-cropped.tif;test;0171/1
0171;2;0171-2-cropped.tif;test;0171/2
0171;3;0171-3-cropped.tif;test;0171/3
0171;4;0171-4-cropped.tif;test;0171/4
0171;6;0171-6-cropped.tif;test;0171/6
0172;1;0172-1-cropped.tif;test;0172/1
0172;2;0172-2-cropped.tif;test;0172/2
0172;3;0172-3-cropped.tif;test;0172/3
0172;4;0172-4-cropped.tif;test;0172/4
0172;6;0172-6-cropped.tif;test;0172/6
0173;1;0173-1-cropped.tif;test;0173/1
0173;2;0173-2-cropped.tif;test;0173/2
0173;3;0173-3-cropped.tif;test;0173/3
0173;4;0173-4-cropped.tif;test;0173/4
0173;6;0173-6-cropped.tif;test;0173/6
0175;1;0175-1-cropped.tif;test;0175/1
0175;2;0175-2-cropped.tif;test;0175/2
0175;3;0175-3-cropped.tif;test;0175/3
0175;4;0175-4-cropped.tif;test;0175/4
0175;6;0175-6-cropped.tif;test;0175/6
0176;1;0176-1-cropped.tif;test;0176/1
0176;2;0176-2-cropped.tif;test;0176/2
0176;3;0176-3-cropped.tif;test;0176/3
0176;4;0176-4-cropped.tif;test;0176/4
0176;6;0176-6-cropped.tif;test;0176/6
0177;1;0177-1-cropped.tif;test;0177/1
0177;2;0177-2-cropped.tif;test;0177/2
0177;3;0177-3-cropped.tif;test;0177/3
0177;4;0177-4-cropped.tif;test;0177/4
0177;6;0177-6-cropped.tif;test;0177/6
0178;1;0178-1-cropped.tif;test;0178/1
0178;2;0178-2-cropped.tif;test;0178/2
0178;3;0178-3-cropped.tif;test;0178/3
0178;4;0178-4-cropped.tif;test;0178/4
0178;6;0178-6-cropped.tif;test;0178/6
0179;1;0179-1-cropped.tif;test;0179/1
0179;2;0179-2-cropped.tif;test;0179/2
0179;3;0179-3-cropped.tif;test;0179/3
0179;4;0179-4-cropped.tif;test;0179/4
0179;6;0179-6-cropped.tif;test;0179/6
0180;1;0180-1-cropped.tif;test;0180/1
0180;2;0180-2-cropped.tif;test;0180/2
0180;3;0180-3-cropped.tif;test;0180/3
0180;4;0180-4-cropped.tif;test;0180/4
0180;6;0180-6-cropped.tif;test;0180/6
0181;1;0181-1-cropped.tif;test;0181/1
0181;2;0181-2-cropped.tif;test;0181/2
0181;3;0181-3-cropped.tif;test;0181/3
0181;4;0181-4-cropped.tif;test;0181/4
0181;6;0181-6-cropped.tif;test;0181/6
0182;1;0182-1-cropped.tif;test;0182/1
0182;2;0182-2-cropped.tif;test;0182/2
0182;3;0182-3-cropped.tif;test;0182/3
0182;4;0182-4-cropped.tif;test;0182/4
0182;6;0182-6-cropped.tif;test;0182/6
0183;1;0183-1-cropped.tif;test;0183/1
0183;2;0183-2-cropped.tif;test;0183/2
0183;3;0183-3-cropped.tif;test;0183/3
0183;4;0183-4-cropped.tif;test;0183/4
0183;6;0183-6-cropped.tif;test;0183/6
0184;1;0184-1-cropped.tif;test;0184/1
0184;2;0184-2-cropped.tif;test;0184/2
0184;3;0184-3-cropped.tif;test;0184/3
0184;4;0184-4-cropped.tif;test;0184/4
0184;6;0184-6-cropped.tif;test;0184/6
0185;1;0185-1-cropped.tif;test;0185/1
0185;2;0185-2-cropped.tif;test;0185/2
0185;3;0185-3-cropped.tif;test;0185/3
0185;4;0185-4-cropped.tif;test;0185/4
0185;6;0185-6-cropped.tif;test;0185/6
0186;1;0186-1-cropped.tif;test;0186/1
0186;2;0186-2-cropped.tif;test;0186/2
0186;3;0186-3-cropped.tif;test;0186/3
0186;4;0186-4-cropped.tif;test;0186/4
0186;6;0186-6-cropped.tif;test;0186/6
0187;1;0187-1-cropped.tif;test;0187/1
0187;2;0187-2-cropped.tif;test;0187/2
0187;3;0187-3-cropped.tif;test;0187/3
0187;4;0187-4-cropped.tif;test;0187/4
0187;6;0187-6-cropped.tif;test;0187/6
0188;1;0188-1-cropped.tif;test;0188/1
0188;2;0188-2-cropped.tif;test;0188/2
0188;3;0188-3-cropped.tif;test;0188/3
0188;4;0188-4-cropped.tif;test;0188/4
0188;6;0188-6-cropped.tif;test;0188/6
0189;1;0189-1-cropped.tif;test;0189/1
0189;2;0189-2-cropped.tif;test;0189/2
0189;3;0189-3-cropped.tif;test;0189/3
0189;4;0189-4-cropped.tif;test;0189/4
0189;6;0189-6-cropped.tif;test;0189/6
0190;1;0190-1-cropped.tif;test;0190/1
0190;2;0190-2-cropped.tif;test;0190/2
0190;3;0190-3-cropped.tif;test;0190/3
0190;4;0190-4-cropped.tif;test;0190/4
0190;6;0190-6-cropped.tif;test;0190/6
0191;1;0191-1-cropped.tif;test;0191/1
0191;2;0191-2-cropped.tif;test;0191/2
0191;3;0191-3-cropped.tif;test;0191/3
0191;4;0191-4-cropped.tif;test;0191/4
0191;6;0191-6-cropped.tif;test;0191/6
0192;1;0192-1-cropped.tif;test;0192/1
0192;2;0192-2-cropped.tif;test;0192/2
0192;3;0192-3-cropped.tif;test;0192/3
0192;4;0192-4-cropped.tif;test;0192/4
0192;6;0192-6-cropped.tif;test;0192/6
0193;1;0193-1-cropped.tif;test;0193/1
0193;2;0193-2-cropped.tif;test;0193/2
0193;3;0193-3-cropped.tif;test;0193/3
0193;4;0193-4-cropped.tif;test;0193/4
0193;6;0193-6-cropped.tif;test;0193/6
0194;1;0194-1-cropped.tif;test;0194/1
0194;2;0194-2-cropped.tif;test;0194/2
0194;3;0194-3-cropped.tif;test;0194/3
0194;4;0194-4-cropped.tif;test;0194/4
0194;6;0194-6-cropped.tif;test;0194/6
0195;1;0195-1-cropped.tif;test;0195/1
0195;2;0195-2-cropped.tif;test;0195/2
0195;3;0195-3-cropped.tif;test;0195/3
0195;4;0195-4-cropped.tif;test;0195/4
0195;6;0195-6-cropped.tif;test;0195/6
0196;1;0196-1-cropped.tif;test;0196/1
0196;2;0196-2-cropped.tif;test;0196/2
0196;3;0196-3-cropped.tif;test;0196/3
0196;4;0196-4-cropped.tif;test;0196/4
0196;6;0196-6-cropped.tif;test;0196/6
0197;1;0197-1-cropped.tif;test;0197/1
0197;2;0197-2-cropped.tif;test;0197/2
0197;3;0197-3-cropped.tif;test;0197/3
0197;4;0197-4-cropped.tif;test;0197/4
0197;6;0197-6-cropped.tif;test;0197/6
0198;1;0198-1-cropped.tif;test;0198/1
0198;2;0198-2-cropped.tif;test;0198/2
0198;3;0198-3-cropped.tif;test;0198/3
0198;4;0198-4-cropped.tif;test;0198/4
0198;6;0198-6-cropped.tif;test;0198/6
0199;1;0199-1-cropped.tif;test;0199/1
0199;2;0199-2-cropped.tif;test;0199/2
0199;3;0199-3-cropped.tif;test;0199/3
0199;4;0199-4-cropped.tif;test;0199/4
0199;6;0199-6-cropped.tif;test;0199/6
0200;1;0200-1-cropped.tif;test;0200/1
0200;2;0200-2-cropped.tif;test;0200/2
0200;3;0200-3-cropped.tif;test;0200/3
0200;4;0200-4-cropped.tif;test;0200/4
0200;6;0200-6-cropped.tif;test;0200/6
0201;1;0201-1-cropped.tif;test;0201/1
0201;2;0201-2-cropped.tif;test;0201/2
0201;3;0201-3-cropped.tif;test;0201/3
0201;4;0201-4-cropped.tif;test;0201/4
0201;6;0201-6-cropped.tif;test;0201/6
0202;1;0202-1-cropped.tif;test;0202/1
0202;2;0202-2-cropped.tif;test;0202/2
0202;3;0202-3-cropped.tif;test;0202/3
0202;4;0202-4-cropped.tif;test;0202/4
0202;6;0202-6-cropped.tif;test;0202/6
0203;1;0203-1-cropped.tif;test;0203/1
0203;2;0203-2-cropped.tif;test;0203/2
0203;3;0203-3-cropped.tif;test;0203/3
0203;4;0203-4-cropped.tif;test;0203/4
0203;6;0203-6-cropped.tif;test;0203/6
0204;1;0204-1-cropped.tif;test;0204/1
0204;2;0204-2-cropped.tif;test;0204/2
0204;3;0204-3-cropped.tif;test;0204/3
0204;4;0204-4-cropped.tif;test;0204/4
0204;6;0204-6-cropped.tif;test;0204/6
0205;1;0205-1-cropped.tif;test;0205/1
0205;2;0205-2-cropped.tif;test;0205/2
0205;3;0205-3-cropped.tif;test;0205/3
0205;4;0205-4-cropped.tif;test;0205/4
0205;6;0205-6-cropped.tif;test;0205/6
0206;1;0206-1-cropped.tif;test;0206/1
0206;2;0206-2-cropped.tif;test;0206/2
0206;3;0206-3-cropped.tif;test;0206/3
0206;4;0206-4-cropped.tif;test;0206/4
0206;6;0206-6-cropped.tif;test;0206/6
0207;1;0207-1-cropped.tif;test;0207/1
0207;2;0207-2-cropped.tif;test;0207/2
0207;3;0207-3-cropped.tif;test;0207/3
0207;4;0207-4-cropped.tif;test;0207/4
0207;6;0207-6-cropped.tif;test;0207/6
0208;1;0208-1-cropped.tif;test;0208/1
0208;2;0208-2-cropped.tif;test;0208/2
0208;3;0208-3-cropped.tif;test;0208/3
0208;4;0208-4-cropped.tif;test;0208/4
0208;6;0208-6-cropped.tif;test;0208/6
0209;1;0209-1-cropped.tif;test;0209/1
0209;2;0209-2-cropped.tif;test;0209/2
0209;3;0209-3-cropped.tif;test;0209/3
0209;4;0209-4-cropped.tif;test;0209/4
0209;6;0209-6-cropped.tif;test;0209/6
0210;1;0210-1-cropped.tif;test;0210/1
0210;2;0210-2-cropped.tif;test;0210/2
0210;3;0210-3-cropped.tif;test;0210/3
0210;4;0210-4-cropped.tif;test;0210/4
0210;6;0210-6-cropped.tif;test;0210/6
0211;1;0211-1-cropped.tif;test;0211/1
0211;2;0211-2-cropped.tif;test;0211/2
0211;3;0211-3-cropped.tif;test;0211/3
0211;4;0211-4-cropped.tif;test;0211/4
0211;6;0211-6-cropped.tif;test;0211/6
0212;1;0212-1-cropped.tif;test;0212/1
0212;2;0212-2-cropped.tif;test;0212/2
0212;3;0212-3-cropped.tif;test;0212/3
0212;4;0212-4-cropped.tif;test;0212/4
0212;6;0212-6-cropped.tif;test;0212/6
0213;1;0213-1-cropped.tif;test;0213/1
0213;2;0213-2-cropped.tif;test;0213/2
0213;3;0213-3-cropped.tif;test;0213/3
0213;4;0213-4-cropped.tif;test;0213/4
0213;6;0213-6-cropped.tif;test;0213/6
0214;1;0214-1-cropped.tif;test;0214/1
0214;2;0214-2-cropped.tif;test;0214/2
0214;3;0214-3-cropped.tif;test;0214/3
0214;4;0214-4-cropped.tif;test;0214/4
0214;6;0214-6-cropped.tif;test;0214/6
0215;1;0215-1-cropped.tif;test;0215/1
0215;2;0215-2-cropped.tif;test;0215/2
0215;3;0215-3-cropped.tif;test;0215/3
0215;4;0215-4-cropped.tif;test;0215/4
0215;6;0215-6-cropped.tif;test;0215/6
0216;1;0216-1-cropped.tif;test;0216/1
0216;2;0216-2-cropped.tif;test;0216/2
0216;3;0216-3-cropped.tif;test;0216/3
0216;4;0216-4-cropped.tif;test;0216/4
0216;6;0216-6-cropped.tif;test;0216/6
0217;1;0217-1-cropped.tif;test;0217/1
0217;2;0217-2-cropped.tif;test;0217/2
0217;3;0217-3-cropped.tif;test;0217/3
0217;4;0217-4-cropped.tif;test;0217/4
0217;6;0217-6-cropped.tif;test;0217/6
0218;1;0218-1-cropped.tif;test;0218/1
0218;2;0218-2-cropped.tif;test;0218/2
0218;3;0218-3-cropped.tif;test;0218/3
0218;4;0218-4-cropped.tif;test;0218/4
0218;6;0218-6-cropped.tif;test;0218/6
0219;1;0219-1-cropped.tif;test;0219/1
0219;2;0219-2-cropped.tif;test;0219/2
0219;3;0219-3-cropped.tif;test;0219/3
0219;4;0219-4-cropped.tif;test;0219/4
0219;6;0219-6-cropped.tif;test;0219/6
0220;1;0220-1-cropped.tif;test;0220/1
0220;2;0220-2-cropped.tif;test;0220/2
0220;3;0220-3-cropped.tif;test;0220/3
0220;4;0220-4-cropped.tif;test;0220/4
0220;6;0220-6-cropped.tif;test;0220/6
0221;1;0221-1-cropped.tif;test;0221/1
0221;2;0221-2-cropped.tif;test;0221/2
0221;3;0221-3-cropped.tif;test;0221/3
0221;4;0221-4-cropped.tif;test;0221/4
0221;6;0221-6-cropped.tif;test;0221/6
0222;1;0222-1-cropped.tif;test;0222/1
0222;2;0222-2-cropped.tif;test;0222/2
0222;3;0222-3-cropped.tif;test;0222/3
0222;4;0222-4-cropped.tif;test;0222/4
0222;6;0222-6-cropped.tif;test;0222/6
0223;1;0223-1-cropped.tif;test;0223/1
0223;2;0223-2-cropped.tif;test;0223/2
0223;3;0223-3-cropped.tif;test;0223/3
0223;4;0223-4-cropped.tif;test;0223/4
0223;6;0223-6-cropped.tif;test;0223/6
0224;1;0224-1-cropped.tif;test;0224/1
0224;2;0224-2-cropped.tif;test;0224/2
0224;3;0224-3-cropped.tif;test;0224/3
0224;4;0224-4-cropped.tif;test;0224/4
0224;6;0224-6-cropped.tif;test;0224/6
0227;1;0227-1-cropped.tif;test;0227/1
0227;2;0227-2-cropped.tif;test;0227/2
0227;3;0227-3-cropped.tif;test;0227/3
0227;4;0227-4-cropped.tif;test;0227/4
0227;6;0227-6-cropped.tif;test;0227/6
0228;1;0228-1-cropped.tif;test;0228/1
0228;2;0228-2-cropped.tif;test;0228/2
0228;3;0228-3-cropped.tif;test;0228/3
0228;4;0228-4-cropped.tif;test;0228/4
0228;6;0228-6-cropped.tif;test;0228/6
0229;1;0229-1-cropped.tif;test;0229/1
0229;2;0229-2-cropped.tif;test;0229/2
0229;3;0229-3-cropped.tif;test;0229/3
0229;4;0229-4-cropped.tif;test;0229/4
0229;6;0229-6-cropped.tif;test;0229/6
0230;1;0230-1-cropped.tif;test;0230/1
0230;2;0230-2-cropped.tif;test;0230/2
0230;3;0230-3-cropped.tif;test;0230/3
0230;4;0230-4-cropped.tif;test;0230/4
0230;6;0230-6-cropped.tif;test;0230/6
0231;1;0231-1-cropped.tif;test;0231/1
0231;2;0231-2-cropped.tif;test;0231/2
0231;3;0231-3-cropped.tif;test;0231/3
0231;4;0231-4-cropped.tif;test;0231/4
0231;6;0231-6-cropped.tif;test;0231/6
0232;1;0232-1-cropped.tif;test;0232/1
0232;2;0232-2-cropped.tif;test;0232/2
0232;3;0232-3-cropped.tif;test;0232/3
0232;4;0232-4-cropped.tif;test;0232/4
0232;6;0232-6-cropped.tif;test;0232/6
0233;1;0233-1-cropped.tif;test;0233/1
0233;2;0233-2-cropped.tif;test;0233/2
0233;3;0233-3-cropped.tif;test;0233/3
0233;4;0233-4-cropped.tif;test;0233/4
0233;6;0233-6-cropped.tif;test;0233/6
0234;1;0234-1-cropped.tif;test;0234/1
0234;2;0234-2-cropped.tif;test;0234/2
0234;3;0234-3-cropped.tif;test;0234/3
0234;4;0234-4-cropped.tif;test;0234/4
0234;6;0234-6-cropped.tif;test;0234/6
0235;1;0235-1-cropped.tif;test;0235/1
0235;2;0235-2-cropped.tif;test;0235/2
0235;3;0235-3-cropped.tif;test;0235/3
0235;4;0235-4-cropped.tif;test;0235/4
0235;6;0235-6-cropped.tif;test;0235/6
0236;1;0236-1-cropped.tif;test;0236/1
0236;2;0236-2-cropped.tif;test;0236/2
0236;3;0236-3-cropped.tif;test;0236/3
0236;4;0236-4-cropped.tif;test;0236/4
0236;6;0236-6-cropped.tif;test;0236/6
0237;1;0237-1-cropped.tif;test;0237/1
0237;2;0237-2-cropped.tif;test;0237/2
0237;3;0237-3-cropped.tif;test;0237/3
0237;4;0237-4-cropped.tif;test;0237/4
0237;6;0237-6-cropped.tif;test;0237/6
0238;1;0238-1-cropped.tif;test;0238/1
0238;2;0238-2-cropped.tif;test;0238/2
0238;3;0238-3-cropped.tif;test;0238/3
0238;4;0238-4-cropped.tif;test;0238/4
0238;6;0238-6-cropped.tif;test;0238/6
0239;1;0239-1-cropped.tif;test;0239/1
0239;2;0239-2-cropped.tif;test;0239/2
0239;3;0239-3-cropped.tif;test;0239/3
0239;4;0239-4-cropped.tif;test;0239/4
0239;6;0239-6-cropped.tif;test;0239/6
0240;1;0240-1-cropped.tif;test;0240/1
0240;2;0240-2-cropped.tif;test;0240/2
0240;3;0240-3-cropped.tif;test;0240/3
0240;4;0240-4-cropped.tif;test;0240/4
0240;6;0240-6-cropped.tif;test;0240/6
0241;1;0241-1-cropped.tif;test;0241/1
0241;2;0241-2-cropped.tif;test;0241/2
0241;3;0241-3-cropped.tif;test;0241/3
0241;4;0241-4-cropped.tif;test;0241/4
0241;6;0241-6-cropped.tif;test;0241/6
0242;1;0242-1-cropped.tif;test;0242/1
0242;2;0242-2-cropped.tif;test;0242/2
0242;3;0242-3-cropped.tif;test;0242/3
0242;4;0242-4-cropped.tif;test;0242/4
0242;6;0242-6-cropped.tif;test;0242/6
0243;1;0243-1-cropped.tif;test;0243/1
0243;2;0243-2-cropped.tif;test;0243/2
0243;3;0243-3-cropped.tif;test;0243/3
0243;4;0243-4-cropped.tif;test;0243/4
0243;6;0243-6-cropped.tif;test;0243/6
0244;1;0244-1-cropped.tif;test;0244/1
0244;2;0244-2-cropped.tif;test;0244/2
0244;3;0244-3-cropped.tif;test;0244/3
0244;4;0244-4-cropped.tif;test;0244/4
0244;6;0244-6-cropped.tif;test;0244/6
0245;1;0245-1-cropped.tif;test;0245/1
0245;2;0245-2-cropped.tif;test;0245/2
0245;3;0245-3-cropped.tif;test;0245/3
0245;4;0245-4-cropped.tif;test;0245/4
0245;6;0245-6-cropped.tif;test;0245/6
0246;1;0246-1-cropped.tif;test;0246/1
0246;2;0246-2-cropped.tif;test;0246/2
0246;3;0246-3-cropped.tif;test;0246/3
0246;4;0246-4-cropped.tif;test;0246/4
0246;6;0246-6-cropped.tif;test;0246/6
0247;1;0247-1-cropped.tif;test;0247/1
0247;2;0247-2-cropped.tif;test;0247/2
0247;3;0247-3-cropped.tif;test;0247/3
0247;4;0247-4-cropped.tif;test;0247/4
0247;6;0247-6-cropped.tif;test;0247/6
0248;1;0248-1-cropped.tif;test;0248/1
0248;2;0248-2-cropped.tif;test;0248/2
0248;3;0248-3-cropped.tif;test;0248/3
0248;4;0248-4-cropped.tif;test;0248/4
0248;6;0248-6-cropped.tif;test;0248/6
0249;1;0249-1-cropped.tif;test;0249/1
0249;2;0249-2-cropped.tif;test;0249/2
0249;3;0249-3-cropped.tif;test;0249/3
0249;4;0249-4-cropped.tif;test;0249/4
0249;6;0249-6-cropped.tif;test;0249/6
0250;1;0250-1-cropped.tif;test;0250/1
0250;2;0250-2-cropped.tif;test;0250/2
0250;3;0250-3-cropped.tif;test;0250/3
0250;4;0250-4-cropped.tif;test;0250/4
0250;6;0250-6-cropped.tif;test;0250/6
0251;1;0251-1-cropped.tif;test;0251/1
0251;2;0251-2-cropped.tif;test;0251/2
0251;3;0251-3-cropped.tif;test;0251/3
0251;4;0251-4-cropped.tif;test;0251/4
0251;6;0251-6-cropped.tif;test;0251/6
0252;1;0252-1-cropped.tif;test;0252/1
0252;2;0252-2-cropped.tif;test;0252/2
0252;3;0252-3-cropped.tif;test;0252/3
0252;4;0252-4-cropped.tif;test;0252/4
0252;6;0252-6-cropped.tif;test;0252/6
0254;1;0254-1-cropped.tif;test;0254/1
0254;2;0254-2-cropped.tif;test;0254/2
0254;3;0254-3-cropped.tif;test;0254/3
0254;4;0254-4-cropped.tif;test;0254/4
0254;6;0254-6-cropped.tif;test;0254/6
0255;1;0255-1-cropped.tif;test;0255/1
0255;2;0255-2-cropped.tif;test;0255/2
0255;3;0255-3-cropped.tif;test;0255/3
0255;4;0255-4-cropped.tif;test;0255/4
0255;6;0255-6-cropped.tif;test;0255/6
0256;1;0256-1-cropped.tif;test;0256/1
0256;2;0256-2-cropped.tif;test;0256/2
0256;3;0256-3-cropped.tif;test;0256/3
0256;4;0256-4-cropped.tif;test;0256/4
0256;6;0256-6-cropped.tif;test;0256/6
0262;1;0262-1-cropped.tif;test;0262/1
0262;2;0262-2-cropped.tif;test;0262/2
0262;3;0262-3-cropped.tif;test;0262/3
0262;4;0262-4-cropped.tif;test;0262/4
0262;6;0262-6-cropped.tif;test;0262/6
0263;1;0263-1-cropped.tif;test;0263/1
0263;2;0263-2-cropped.tif;test;0263/2
0263;3;0263-3-cropped.tif;test;0263/3
0263;4;0263-4-cropped.tif;test;0263/4
0263;6;0263-6-cropped.tif;test;0263/6
0265;1;0265-1-cropped.tif;test;0265/1
0265;2;0265-2-cropped.tif;test;0265/2
0265;3;0265-3-cropped.tif;test;0265/3
0265;4;0265-4-cropped.tif;test;0265/4
0265;6;0265-6-cropped.tif;test;0265/6
0285;1;0285-1-cropped.tif;test;0285/1
0285;2;0285-2-cropped.tif;test;0285/2
0285;3;0285-3-cropped.tif;test;0285/3
0285;4;0285-4-cropped.tif;test;0285/4
0285;6;0285-6-cropped.tif;test;0285/6
0286;1;0286-1-cropped.tif;test;0286/1
0286;2;0286-2-cropped.tif;test;0286/2
0286;3;0286-3-cropped.tif;test;0286/3
0286;4;0286-4-cropped.tif;test;0286/4
0286;6;0286-6-cropped.tif;test;0286/6
0287;1;0287-1-cropped.tif;test;0287/1
0287;2;0287-2-cropped.tif;test;0287/2
0287;3;0287-3-cropped.tif;test;0287/3
0287;4;0287-4-cropped.tif;test;0287/4
0287;6;0287-6-cropped.tif;test;0287/6
0288;1;0288-1-cropped.tif;test;0288/1
0288;2;0288-2-cropped.tif;test;0288/2
0288;3;0288-3-cropped.tif;test;0288/3
0288;4;0288-4-cropped.tif;test;0288/4
0288;6;0288-6-cropped.tif;test;0288/6
0289;1;0289-1-cropped.tif;test;0289/1
0289;2;0289-2-cropped.tif;test;0289/2
0289;3;0289-3-cropped.tif;test;0289/3
0289;4;0289-4-cropped.tif;test;0289/4
0289;6;0289-6-cropped.tif;test;0289/6
0290;1;0290-1-cropped.tif;test;0290/1
0290;2;0290-2-cropped.tif;test;0290/2
0290;3;0290-3-cropped.tif;test;0290/3
0290;4;0290-4-cropped.tif;test;0290/4
0290;6;0290-6-cropped.tif;test;0290/6
0291;1;0291-1-cropped.tif;test;0291/1
0291;2;0291-2-cropped.tif;test;0291/2
0291;3;0291-3-cropped.tif;test;0291/3
0291;4;0291-4-cropped.tif;test;0291/4
0291;6;0291-6-cropped.tif;test;0291/6
0299;1;0299-1-cropped.tif;test;0299/1
0299;2;0299-2-cropped.tif;test;0299/2
0299;3;0299-3-cropped.tif;test;0299/3
0299;4;0299-4-cropped.tif;test;0299/4
0299;6;0299-6-cropped.tif;test;0299/6
0309;1;0309-1-cropped.tif;test;0309/1
0309;2;0309-2-cropped.tif;test;0309/2
0309;3;0309-3-cropped.tif;test;0309/3
0309;4;0309-4-cropped.tif;test;0309/4
0309;6;0309-6-cropped.tif;test;0309/6
0311;1;0311-1-cropped.tif;test;0311/1
0311;2;0311-2-cropped.tif;test;0311/2
0311;3;0311-3-cropped.tif;test;0311/3
0311;4;0311-4-cropped.tif;test;0311/4
0311;6;0311-6-cropped.tif;test;0311/6
0312;1;0312-1-cropped.tif;test;0312/1
0312;2;0312-2-cropped.tif;test;0312/2
0312;3;0312-3-cropped.tif;test;0312/3
0312;4;0312-4-cropped.tif;test;0312/4
0312;6;0312-6-cropped.tif;test;0312/6
0313;1;0313-1-cropped.tif;test;0313/1
0313;2;0313-2-cropped.tif;test;0313/2
0313;3;0313-3-cropped.tif;test;0313/3
0313;4;0313-4-cropped.tif;test;0313/4
0313;6;0313-6-cropped.tif;test;0313/6
0322;1;0322-1-cropped.tif;test;0322/1
0322;2;0322-2-cropped.tif;test;0322/2
0322;3;0322-3-cropped.tif;test;0322/3
0322;4;0322-4-cropped.tif;test;0322/4
0322;6;0322-6-cropped.tif;test;0322/6
0324;1;0324-1-cropped.tif;test;0324/1
0324;2;0324-2-cropped.tif;test;0324/2
0324;3;0324-3-cropped.tif;test;0324/3
0324;4;0324-4-cropped.tif;test;0324/4
0324;6;0324-6-cropped.tif;test;0324/6
0327;1;0327-1-cropped.tif;test;0327/1
0327;2;0327-2-cropped.tif;test;0327/2
0327;3;0327-3-cropped.tif;test;0327/3
0327;4;0327-4-cropped.tif;test;0327/4
0327;6;0327-6-cropped.tif;test;0327/6
0358;1;0358-1-cropped.tif;test;0358/1
0358;2;0358-2-cropped.tif;test;0358/2
0358;3;0358-3-cropped.tif;test;0358/3
0358;4;0358-4-cropped.tif;test;0358/4
0358;6;0358-6-cropped.tif;test;0358/6
0363;1;0363-1-cropped.tif;test;0363/1
0363;2;0363-2-cropped.tif;test;0363/2
0363;3;0363-3-cropped.tif;test;0363/3
0363;4;0363-4-cropped.tif;test;0363/4
0363;6;0363-6-cropped.tif;test;0363/6
0368;1;0368-1-cropped.tif;test;0368/1
0368;2;0368-2-cropped.tif;test;0368/2
0368;3;0368-3-cropped.tif;test;0368/3
0368;4;0368-4-cropped.tif;test;0368/4
0368;6;0368-6-cropped.tif;test;0368/6
0369;1;0369-1-cropped.tif;test;0369/1
0369;2;0369-2-cropped.tif;test;0369/2
0369;3;0369-3-cropped.tif;test;0369/3
0369;4;0369-4-cropped.tif;test;0369/4
0369;6;0369-6-cropped.tif;test;0369/6
0374;1;0374-1-cropped.tif;test;0374/1
0374;2;0374-2-cropped.tif;test;0374/2
0374;3;0374-3-cropped.tif;test;0374/3
0374;4;0374-4-cropped.tif;test;0374/4
0374;6;0374-6-cropped.tif;test;0374/6
0383;1;0383-1-cropped.tif;test;0383/1
0383;2;0383-2-cropped.tif;test;0383/2
0383;3;0383-3-cropped.tif;test;0383/3
0383;4;0383-4-cropped.tif;test;0383/4
0383;6;0383-6-cropped.tif;test;0383/6
0384;1;0384-1-cropped.tif;test;0384/1
0384;2;0384-2-cropped.tif;test;0384/2
0384;3;0384-3-cropped.tif;test;0384/3
0384;4;0384-4-cropped.tif;test;0384/4
0384;6;0384-6-cropped.tif;test;0384/6
0386;1;0386-1-cropped.tif;test;0386/1
0386;2;0386-2-cropped.tif;test;0386/2
0386;3;0386-3-cropped.tif;test;0386/3
0386;4;0386-4-cropped.tif;test;0386/4
0386;6;0386-6-cropped.tif;test;0386/6
0387;1;0387-1-cropped.tif;test;0387/1
0387;2;0387-2-cropped.tif;test;0387/2
0387;3;0387-3-cropped.tif;test;0387/3
0387;4;0387-4-cropped.tif;test;0387/4
0387;6;0387-6-cropped.tif;test;0387/6
0388;1;0388-1-cropped.tif;test;0388/1
0388;2;0388-2-cropped.tif;test;0388/2
0388;3;0388-3-cropped.tif;test;0388/3
0388;4;0388-4-cropped.tif;test;0388/4
0388;6;0388-6-cropped.tif;test;0388/6
0390;1;0390-1-cropped.tif;test;0390/1
0390;2;0390-2-cropped.tif;test;0390/2
0390;3;0390-3-cropped.tif;test;0390/3
0390;4;0390-4-cropped.tif;test;0390/4
0390;6;0390-6-cropped.tif;test;0390/6
0391;1;0391-1-cropped.tif;test;0391/1
0391;2;0391-2-cropped.tif;test;0391/2
0391;3;0391-3-cropped.tif;test;0391/3
0391;4;0391-4-cropped.tif;test;0391/4
0391;6;0391-6-cropped.tif;test;0391/6
0392;1;0392-1-cropped.tif;test;0392/1
0392;2;0392-2-cropped.tif;test;0392/2
0392;3;0392-3-cropped.tif;test;0392/3
0392;4;0392-4-cropped.tif;test;0392/4
0392;6;0392-6-cropped.tif;test;0392/6
0393;1;0393-1-cropped.tif;test;0393/1
0393;2;0393-2-cropped.tif;test;0393/2
0393;3;0393-3-cropped.tif;test;0393/3
0393;4;0393-4-cropped.tif;test;0393/4
0393;6;0393-6-cropped.tif;test;0393/6
0394;1;0394-1-cropped.tif;test;0394/1
0394;2;0394-2-cropped.tif;test;0394/2
0394;3;0394-3-cropped.tif;test;0394/3
0394;4;0394-4-cropped.tif;test;0394/4
0394;6;0394-6-cropped.tif;test;0394/6
0395;1;0395-1-cropped.tif;test;0395/1
0395;2;0395-2-cropped.tif;test;0395/2
0395;3;0395-3-cropped.tif;test;0395/3
0395;4;0395-4-cropped.tif;test;0395/4
0395;6;0395-6-cropped.tif;test;0395/6
0396;1;0396-1-cropped.tif;test;0396/1
0396;2;0396-2-cropped.tif;test;0396/2
0396;3;0396-3-cropped.tif;test;0396/3
0396;4;0396-4-cropped.tif;test;0396/4
0396;6;0396-6-cropped.tif;test;0396/6
0398;1;0398-1-cropped.tif;test;0398/1
0398;2;0398-2-cropped.tif;test;0398/2
0398;3;0398-3-cropped.tif;test;0398/3
0398;4;0398-4-cropped.tif;test;0398/4
0398;6;0398-6-cropped.tif;test;0398/6
0399;1;0399-1-cropped.tif;test;0399/1
0399;2;0399-2-cropped.tif;test;0399/2
0399;3;0399-3-cropped.tif;test;0399/3
0399;4;0399-4-cropped.tif;test;0399/4
0399;6;0399-6-cropped.tif;test;0399/6
0400;1;0400-1-cropped.tif;test;0400/1
0400;2;0400-2-cropped.tif;test;0400/2
0400;3;0400-3-cropped.tif;test;0400/3
0400;4;0400-4-cropped.tif;test;0400/4
0400;6;0400-6-cropped.tif;test;0400/6
0403;1;0403-1-cropped.tif;test;0403/1
0403;2;0403-2-cropped.tif;test;0403/2
0403;3;0403-3-cropped.tif;test;0403/3
0403;4;0403-4-cropped.tif;test;0403/4
0403;6;0403-6-cropped.tif;test;0403/6
0405;1;0405-1-cropped.tif;test;0405/1
0405;2;0405-2-cropped.tif;test;0405/2
0405;3;0405-3-cropped.tif;test;0405/3
0405;4;0405-4-cropped.tif;test;0405/4
0405;6;0405-6-cropped.tif;test;0405/6
0408;1;0408-1-cropped.tif;test;0408/1
0408;2;0408-2-cropped.tif;test;0408/2
0408;3;0408-3-cropped.tif;test;0408/3
0408;4;0408-4-cropped.tif;test;0408/4
0408;6;0408-6-cropped.tif;test;0408/6
0410;1;0410-1-cropped.tif;test;0410/1
0410;2;0410-2-cropped.tif;test;0410/2
0410;3;0410-3-cropped.tif;test;0410/3
0410;4;0410-4-cropped.tif;test;0410/4
0410;6;0410-6-cropped.tif;test;0410/6
0411;1;0411-1-cropped.tif;test;0411/1
0411;2;0411-2-cropped.tif;test;0411/2
0411;3;0411-3-cropped.tif;test;0411/3
0411;4;0411-4-cropped.tif;test;0411/4
0411;6;0411-6-cropped.tif;test;0411/6
0412;1;0412-1-cropped.tif;test;0412/1
0412;2;0412-2-cropped.tif;test;0412/2
0412;3;0412-3-cropped.tif;test;0412/3
0412;4;0412-4-cropped.tif;test;0412/4
0412;6;0412-6-cropped.tif;test;0412/6
0413;1;0413-1-cropped.tif;test;0413/1
0413;2;0413-2-cropped.tif;test;0413/2
0413;3;0413-3-cropped.tif;test;0413/3
0413;4;0413-4-cropped.tif;test;0413/4
0413;6;0413-6-cropped.tif;test;0413/6
0418;1;0418-1-cropped.tif;test;0418/1
0418;2;0418-2-cropped.tif;test;0418/2
0418;3;0418-3-cropped.tif;test;0418/3
0418;4;0418-4-cropped.tif;test;0418/4
0418;6;0418-6-cropped.tif;test;0418/6
0425;1;0425-1-cropped.tif;test;0425/1
0425;2;0425-2-cropped.tif;test;0425/2
0425;3;0425-3-cropped.tif;test;0425/3
0425;4;0425-4-cropped.tif;test;0425/4
0425;6;0425-6-cropped.tif;test;0425/6
0429;1;0429-1-cropped.tif;test;0429/1
0429;2;0429-2-cropped.tif;test;0429/2
0429;3;0429-3-cropped.tif;test;0429/3
0429;4;0429-4-cropped.tif;test;0429/4
0429;6;0429-6-cropped.tif;test;0429/6
0430;1;0430-1-cropped.tif;test;0430/1
0430;2;0430-2-cropped.tif;test;0430/2
0430;3;0430-3-cropped.tif;test;0430/3
0430;4;0430-4-cropped.tif;test;0430/4
0430;6;0430-6-cropped.tif;test;0430/6
0431;1;0431-1-cropped.tif;test;0431/1
0431;2;0431-2-cropped.tif;test;0431/2
0431;6;0431-6-cropped.tif;test;0431/6
0432;1;0432-1-cropped.tif;test;0432/1
0432;2;0432-2-cropped.tif;test;0432/2
0432;3;0432-3-cropped.tif;test;0432/3
0432;4;0432-4-cropped.tif;test;0432/4
0432;6;0432-6-cropped.tif;test;0432/6
0476;1;0476-1-cropped.tif;test;0476/1
0476;2;0476-2-cropped.tif;test;0476/2
0476;3;0476-3-cropped.tif;test;0476/3
0476;4;0476-4-cropped.tif;test;0476/4
0476;6;0476-6-cropped.tif;test;0476/6
0477;1;0477-1-cropped.tif;test;0477/1
0477;2;0477-2-cropped.tif;test;0477/2
0477;3;0477-3-cropped.tif;test;0477/3
0477;4;0477-4-cropped.tif;test;0477/4
0477;6;0477-6-cropped.tif;test;0477/6
0479;1;0479-1-cropped.tif;test;0479/1
0479;2;0479-2-cropped.tif;test;0479/2
0479;3;0479-3-cropped.tif;test;0479/3
0479;4;0479-4-cropped.tif;test;0479/4
0479;6;0479-6-cropped.tif;test;0479/6
0481;1;0481-1-cropped.tif;test;0481/1
0481;2;0481-2-cropped.tif;test;0481/2
0481;3;0481-3-cropped.tif;test;0481/3
0481;4;0481-4-cropped.tif;test;0481/4
0481;6;0481-6-cropped.tif;test;0481/6
0482;1;0482-1-cropped.tif;test;0482/1
0482;2;0482-2-cropped.tif;test;0482/2
0482;3;0482-3-cropped.tif;test;0482/3
0482;4;0482-4-cropped.tif;test;0482/4
0482;6;0482-6-cropped.tif;test;0482/6
0485;1;0485-1-cropped.tif;test;0485/1
0485;2;0485-2-cropped.tif;test;0485/2
0485;3;0485-3-cropped.tif;test;0485/3
0485;4;0485-4-cropped.tif;test;0485/4
0485;6;0485-6-cropped.tif;test;0485/6
0507;1;0507-1-cropped.tif;test;0507/1
0507;2;0507-2-cropped.tif;test;0507/2
0507;3;0507-3-cropped.tif;test;0507/3
0507;4;0507-4-cropped.tif;test;0507/4
0507;6;0507-6-cropped.tif;test;0507/6
0510;1;0510-1-cropped.tif;test;0510/1
0510;2;0510-2-cropped.tif;test;0510/2
0510;3;0510-3-cropped.tif;test;0510/3
0510;4;0510-4-cropped.tif;test;0510/4
0510;6;0510-6-cropped.tif;test;0510/6
0519;1;0519-1-cropped.tif;test;0519/1
0519;2;0519-2-cropped.tif;test;0519/2
0519;3;0519-3-cropped.tif;test;0519/3
0519;4;0519-4-cropped.tif;test;0519/4
0519;6;0519-6-cropped.tif;test;0519/6
0520;1;0520-1-cropped.tif;test;0520/1
0520;2;0520-2-cropped.tif;test;0520/2
0520;3;0520-3-cropped.tif;test;0520/3
0520;4;0520-4-cropped.tif;test;0520/4
0520;6;0520-6-cropped.tif;test;0520/6
0522;1;0522-1-cropped.tif;test;0522/1
0522;2;0522-2-cropped.tif;test;0522/2
0522;3;0522-3-cropped.tif;test;0522/3
0522;4;0522-4-cropped.tif;test;0522/4
0522;6;0522-6-cropped.tif;test;0522/6
0524;1;0524-1-cropped.tif;test;0524/1
0524;2;0524-2-cropped.tif;test;0524/2
0524;3;0524-3-cropped.tif;test;0524/3
0524;4;0524-4-cropped.tif;test;0524/4
0524;6;0524-6-cropped.tif;test;0524/6
0525;1;0525-1-cropped.tif;test;0525/1
0525;2;0525-2-cropped.tif;test;0525/2
0525;3;0525-3-cropped.tif;test;0525/3
0525;4;0525-4-cropped.tif;test;0525/4
0525;6;0525-6-cropped.tif;test;0525/6
0527;1;0527-1-cropped.tif;test;0527/1
0527;2;0527-2-cropped.tif;test;0527/2
0527;3;0527-3-cropped.tif;test;0527/3
0527;4;0527-4-cropped.tif;test;0527/4
0527;6;0527-6-cropped.tif;test;0527/6
0528;1;0528-1-cropped.tif;test;0528/1
0528;2;0528-2-cropped.tif;test;0528/2
0528;3;0528-3-cropped.tif;test;0528/3
0528;4;0528-4-cropped.tif;test;0528/4
0528;6;0528-6-cropped.tif;test;0528/6
0530;1;0530-1-cropped.tif;test;0530/1
0530;2;0530-2-cropped.tif;test;0530/2
0530;3;0530-3-cropped.tif;test;0530/3
0530;4;0530-4-cropped.tif;test;0530/4
0530;6;0530-6-cropped.tif;test;0530/6
0534;1;0534-1-cropped.tif;test;0534/1
0534;2;0534-2-cropped.tif;test;0534/2
0534;3;0534-3-cropped.tif;test;0534/3
0534;4;0534-4-cropped.tif;test;0534/4
0534;6;0534-6-cropped.tif;test;0534/6
0535;1;0535-1-cropped.tif;test;0535/1
0535;2;0535-2-cropped.tif;test;0535/2
0535;3;0535-3-cropped.tif;test;0535/3
0535;4;0535-4-cropped.tif;test;0535/4
0535;6;0535-6-cropped.tif;test;0535/6
0538;1;0538-1-cropped.tif;test;0538/1
0538;2;0538-2-cropped.tif;test;0538/2
0538;3;0538-3-cropped.tif;test;0538/3
0538;4;0538-4-cropped.tif;test;0538/4
0538;6;0538-6-cropped.tif;test;0538/6
0539;1;0539-1-cropped.tif;test;0539/1
0539;2;0539-2-cropped.tif;test;0539/2
0539;3;0539-3-cropped.tif;test;0539/3
0539;4;0539-4-cropped.tif;test;0539/4
0539;6;0539-6-cropped.tif;test;0539/6
0540;1;0540-1-cropped.tif;test;0540/1
0540;2;0540-2-cropped.tif;test;0540/2
0540;3;0540-3-cropped.tif;test;0540/3
0540;4;0540-4-cropped.tif;test;0540/4
0540;6;0540-6-cropped.tif;test;0540/6
0541;1;0541-1-cropped.tif;test;0541/1
0541;2;0541-2-cropped.tif;test;0541/2
0541;3;0541-3-cropped.tif;test;0541/3
0541;4;0541-4-cropped.tif;test;0541/4
0541;6;0541-6-cropped.tif;test;0541/6
0547;1;0547-1-cropped.tif;test;0547/1
0547;2;0547-2-cropped.tif;test;0547/2
0547;3;0547-3-cropped.tif;test;0547/3
0547;4;0547-4-cropped.tif;test;0547/4
0547;6;0547-6-cropped.tif;test;0547/6
0548;1;0548-1-cropped.tif;test;0548/1
0548;2;0548-2-cropped.tif;test;0548/2
0548;3;0548-3-cropped.tif;test;0548/3
0548;4;0548-4-cropped.tif;test;0548/4
0548;6;0548-6-cropped.tif;test;0548/6
0549;1;0549-1-cropped.tif;test;0549/1
0549;2;0549-2-cropped.tif;test;0549/2
0549;3;0549-3-cropped.tif;test;0549/3
0549;4;0549-4-cropped.tif;test;0549/4
0549;6;0549-6-cropped.tif;test;0549/6
0550;1;0550-1-cropped.tif;test;0550/1
0550;2;0550-2-cropped.tif;test;0550/2
0550;3;0550-3-cropped.tif;test;0550/3
0550;4;0550-4-cropped.tif;test;0550/4
0550;6;0550-6-cropped.tif;test;0550/6
0556;1;0556-1-cropped.tif;test;0556/1
0556;2;0556-2-cropped.tif;test;0556/2
0556;3;0556-3-cropped.tif;test;0556/3
0556;4;0556-4-cropped.tif;test;0556/4
0556;6;0556-6-cropped.tif;test;0556/6
0558;1;0558-1-cropped.tif;test;0558/1
0558;2;0558-2-cropped.tif;test;0558/2
0558;3;0558-3-cropped.tif;test;0558/3
0558;4;0558-4-cropped.tif;test;0558/4
0558;6;0558-6-cropped.tif;test;0558/6
0560;1;0560-1-cropped.tif;test;0560/1
0560;2;0560-2-cropped.tif;test;0560/2
0560;3;0560-3-cropped.tif;test;0560/3
0560;4;0560-4-cropped.tif;test;0560/4
0560;6;0560-6-cropped.tif;test;0560/6
0561;1;0561-1-cropped.tif;test;0561/1
0561;2;0561-2-cropped.tif;test;0561/2
0561;3;0561-3-cropped.tif;test;0561/3
0561;4;0561-4-cropped.tif;test;0561/4
0561;6;0561-6-cropped.tif;test;0561/6
0562;1;0562-1-cropped.tif;test;0562/1
0562;2;0562-2-cropped.tif;test;0562/2
0562;3;0562-3-cropped.tif;test;0562/3
0562;4;0562-4-cropped.tif;test;0562/4
0562;6;0562-6-cropped.tif;test;0562/6
0564;1;0564-1-cropped.tif;test;0564/1
0564;2;0564-2-cropped.tif;test;0564/2
0564;3;0564-3-cropped.tif;test;0564/3
0564;4;0564-4-cropped.tif;test;0564/4
0564;6;0564-6-cropped.tif;test;0564/6
0565;1;0565-1-cropped.tif;test;0565/1
0565;2;0565-2-cropped.tif;test;0565/2
0565;3;0565-3-cropped.tif;test;0565/3
0565;4;0565-4-cropped.tif;test;0565/4
0565;6;0565-6-cropped.tif;test;0565/6
0566;1;0566-1-cropped.tif;test;0566/1
0566;2;0566-2-cropped.tif;test;0566/2
0566;3;0566-3-cropped.tif;test;0566/3
0566;4;0566-4-cropped.tif;test;0566/4
0566;6;0566-6-cropped.tif;test;0566/6
0567;1;0567-1-cropped.tif;test;0567/1
0567;2;0567-2-cropped.tif;test;0567/2
0567;3;0567-3-cropped.tif;test;0567/3
0567;4;0567-4-cropped.tif;test;0567/4
0567;6;0567-6-cropped.tif;test;0567/6
0568;1;0568-1-cropped.tif;test;0568/1
0568;2;0568-2-cropped.tif;test;0568/2
0568;3;0568-3-cropped.tif;test;0568/3
0568;4;0568-4-cropped.tif;test;0568/4
0568;6;0568-6-cropped.tif;test;0568/6
0570;1;0570-1-cropped.tif;test;0570/1
0570;2;0570-2-cropped.tif;test;0570/2
0570;3;0570-3-cropped.tif;test;0570/3
0570;4;0570-4-cropped.tif;test;0570/4
0570;6;0570-6-cropped.tif;test;0570/6
0571;1;0571-1-cropped.tif;test;0571/1
0571;2;0571-2-cropped.tif;test;0571/2
0571;3;0571-3-cropped.tif;test;0571/3
0571;4;0571-4-cropped.tif;test;0571/4
0571;6;0571-6-cropped.tif;test;0571/6
0573;1;0573-1-cropped.tif;test;0573/1
0573;2;0573-2-cropped.tif;test;0573/2
0573;3;0573-3-cropped.tif;test;0573/3
0573;4;0573-4-cropped.tif;test;0573/4
0573;6;0573-6-cropped.tif;test;0573/6
0575;1;0575-1-cropped.tif;test;0575/1
0575;2;0575-2-cropped.tif;test;0575/2
0575;3;0575-3-cropped.tif;test;0575/3
0575;4;0575-4-cropped.tif;test;0575/4
0575;6;0575-6-cropped.tif;test;0575/6
0577;1;0577-1-cropped.tif;test;0577/1
0577;2;0577-2-cropped.tif;test;0577/2
0577;3;0577-3-cropped.tif;test;0577/3
0577;4;0577-4-cropped.tif;test;0577/4
0577;6;0577-6-cropped.tif;test;0577/6
0578;1;0578-1-cropped.tif;test;0578/1
0578;2;0578-2-cropped.tif;test;0578/2
0578;3;0578-3-cropped.tif;test;0578/3
0578;4;0578-4-cropped.tif;test;0578/4
0578;6;0578-6-cropped.tif;test;0578/6
0580;1;0580-1-cropped.tif;test;0580/1
0580;2;0580-2-cropped.tif;test;0580/2
0580;3;0580-3-cropped.tif;test;0580/3
0580;4;0580-4-cropped.tif;test;0580/4
0580;6;0580-6-cropped.tif;test;0580/6
0582;1;0582-1-cropped.tif;test;0582/1
0582;2;0582-2-cropped.tif;test;0582/2
0582;3;0582-3-cropped.tif;test;0582/3
0582;4;0582-4-cropped.tif;test;0582/4
0582;6;0582-6-cropped.tif;test;0582/6
0585;1;0585-1-cropped.tif;test;0585/1
0585;2;0585-2-cropped.tif;test;0585/2
0585;3;0585-3-cropped.tif;test;0585/3
0585;4;0585-4-cropped.tif;test;0585/4
0585;6;0585-6-cropped.tif;test;0585/6
0592;1;0592-1-cropped.tif;test;0592/1
0592;2;0592-2-cropped.tif;test;0592/2
0592;3;0592-3-cropped.tif;test;0592/3
0592;4;0592-4-cropped.tif;test;0592/4
0592;6;0592-6-cropped.tif;test;0592/6
0598;1;0598-1-cropped.tif;test;0598/1
0598;2;0598-2-cropped.tif;test;0598/2
0598;3;0598-3-cropped.tif;test;0598/3
0598;4;0598-4-cropped.tif;test;0598/4
0598;6;0598-6-cropped.tif;test;0598/6
0599;1;0599-1-cropped.tif;test;0599/1
0599;2;0599-2-cropped.tif;test;0599/2
0599;3;0599-3-cropped.tif;test;0599/3
0599;4;0599-4-cropped.tif;test;0599/4
0599;6;0599-6-cropped.tif;test;0599/6
0600;1;0600-1-cropped.tif;test;0600/1
0600;2;0600-2-cropped.tif;test;0600/2
0600;3;0600-3-cropped.tif;test;0600/3
0600;4;0600-4-cropped.tif;test;0600/4
0600;6;0600-6-cropped.tif;test;0600/6
0602;1;0602-1-cropped.tif;test;0602/1
0602;2;0602-2-cropped.tif;test;0602/2
0602;3;0602-3-cropped.tif;test;0602/3
0602;4;0602-4-cropped.tif;test;0602/4
0602;6;0602-6-cropped.tif;test;0602/6
0603;1;0603-1-cropped.tif;test;0603/1
0603;2;0603-2-cropped.tif;test;0603/2
0603;3;0603-3-cropped.tif;test;0603/3
0603;4;0603-4-cropped.tif;test;0603/4
0603;6;0603-6-cropped.tif;test;0603/6
0604;1;0604-1-cropped.tif;test;0604/1
0604;2;0604-2-cropped.tif;test;0604/2
0604;3;0604-3-cropped.tif;test;0604/3
0604;4;0604-4-cropped.tif;test;0604/4
0604;6;0604-6-cropped.tif;test;0604/6
0606;1;0606-1-cropped.tif;test;0606/1
0606;2;0606-2-cropped.tif;test;0606/2
0606;3;0606-3-cropped.tif;test;0606/3
0606;4;0606-4-cropped.tif;test;0606/4
0606;6;0606-6-cropped.tif;test;0606/6
0607;1;0607-1-cropped.tif;test;0607/1
0607;2;0607-2-cropped.tif;test;0607/2
0607;3;0607-3-cropped.tif;test;0607/3
0607;4;0607-4-cropped.tif;test;0607/4
0607;6;0607-6-cropped.tif;test;0607/6
0609;1;0609-1-cropped.tif;test;0609/1
0609;2;0609-2-cropped.tif;test;0609/2
0609;3;0609-3-cropped.tif;test;0609/3
0609;4;0609-4-cropped.tif;test;0609/4
0609;6;0609-6-cropped.tif;test;0609/6
0612;1;0612-1-cropped.tif;test;0612/1
0612;2;0612-2-cropped.tif;test;0612/2
0612;3;0612-3-cropped.tif;test;0612/3
0612;4;0612-4-cropped.tif;test;0612/4
0612;6;0612-6-cropped.tif;test;0612/6
0704;1;0704-1-cropped.tif;test;0704/1
0704;2;0704-2-cropped.tif;test;0704/2
0704;3;0704-3-cropped.tif;test;0704/3
0704;4;0704-4-cropped.tif;test;0704/4
0704;6;0704-6-cropped.tif;test;0704/6
0705;1;0705-1-cropped.tif;test;0705/1
0705;2;0705-2-cropped.tif;test;0705/2
0705;3;0705-3-cropped.tif;test;0705/3
0705;4;0705-4-cropped.tif;test;0705/4
0705;6;0705-6-cropped.tif;test;0705/6
0706;1;0706-1-cropped.tif;test;0706/1
0706;2;0706-2-cropped.tif;test;0706/2
0706;3;0706-3-cropped.tif;test;0706/3
0706;4;0706-4-cropped.tif;test;0706/4
0706;6;0706-6-cropped.tif;test;0706/6
0707;1;0707-1-cropped.tif;test;0707/1
0707;2;0707-2-cropped.tif;test;0707/2
0707;3;0707-3-cropped.tif;test;0707/3
0707;4;0707-4-cropped.tif;test;0707/4
0707;6;0707-6-cropped.tif;test;0707/6
0709;1;0709-1-cropped.tif;test;0709/1
0709;2;0709-2-cropped.tif;test;0709/2
0709;3;0709-3-cropped.tif;test;0709/3
0709;4;0709-4-cropped.tif;test;0709/4
0709;6;0709-6-cropped.tif;test;0709/6
0710;1;0710-1-cropped.tif;test;0710/1
0710;2;0710-2-cropped.tif;test;0710/2
0710;3;0710-3-cropped.tif;test;0710/3
0710;4;0710-4-cropped.tif;test;0710/4
0710;6;0710-6-cropped.tif;test;0710/6
0717;1;0717-1-cropped.tif;test;0717/1
0717;2;0717-2-cropped.tif;test;0717/2
0717;3;0717-3-cropped.tif;test;0717/3
0717;4;0717-4-cropped.tif;test;0717/4
0717;6;0717-6-cropped.tif;test;0717/6
0718;1;0718-1-cropped.tif;test;0718/1
0718;2;0718-2-cropped.tif;test;0718/2
0718;3;0718-3-cropped.tif;test;0718/3
0718;4;0718-4-cropped.tif;test;0718/4
0718;6;0718-6-cropped.tif;test;0718/6
0894;1;0894-1-cropped.tif;test;0894/1
0894;2;0894-2-cropped.tif;test;0894/2
0894;3;0894-3-cropped.tif;test;0894/3
0894;4;0894-4-cropped.tif;test;0894/4
0894;6;0894-6-cropped.tif;test;0894/6
0895;1;0895-1-cropped.tif;test;0895/1
0895;2;0895-2-cropped.tif;test;0895/2
0895;3;0895-3-cropped.tif;test;0895/3
0895;4;0895-4-cropped.tif;test;0895/4
0895;6;0895-6-cropped.tif;test;0895/6
0901;1;0901-1-cropped.tif;test;0901/1
0901;2;0901-2-cropped.tif;test;0901/2
0901;3;0901-3-cropped.tif;test;0901/3
0901;4;0901-4-cropped.tif;test;0901/4
0901;6;0901-6-cropped.tif;test;0901/6
0907;1;0907-1-cropped.tif;test;0907/1
0907;2;0907-2-cropped.tif;test;0907/2
0907;3;0907-3-cropped.tif;test;0907/3
0907;4;0907-4-cropped.tif;test;0907/4
0907;6;0907-6-cropped.tif;test;0907/6
0909;1;0909-1-cropped.tif;test;0909/1
0909;2;0909-2-cropped.tif;test;0909/2
0909;3;0909-3-cropped.tif;test;0909/3
0909;4;0909-4-cropped.tif;test;0909/4
0909;6;0909-6-cropped.tif;test;0909/6
0918;1;0918-1-cropped.tif;test;0918/1
0918;2;0918-2-cropped.tif;test;0918/2
0918;3;0918-3-cropped.tif;test;0918/3
0918;4;0918-4-cropped.tif;test;0918/4
0918;6;0918-6-cropped.tif;test;0918/6
0920;1;0920-1-cropped.tif;test;0920/1
0920;2;0920-2-cropped.tif;test;0920/2
0920;3;0920-3-cropped.tif;test;0920/3
0920;4;0920-4-cropped.tif;test;0920/4
0920;6;0920-6-cropped.tif;test;0920/6
0921;1;0921-1-cropped.tif;test;0921/1
0921;2;0921-2-cropped.tif;test;0921/2
0921;3;0921-3-cropped.tif;test;0921/3
0921;4;0921-4-cropped.tif;test;0921/4
0921;6;0921-6-cropped.tif;test;0921/6
0922;1;0922-1-cropped.tif;test;0922/1
0922;2;0922-2-cropped.tif;test;0922/2
0922;3;0922-3-cropped.tif;test;0922/3
0922;4;0922-4-cropped.tif;test;0922/4
0922;6;0922-6-cropped.tif;test;0922/6
0923;1;0923-1-cropped.tif;test;0923/1
0923;2;0923-2-cropped.tif;test;0923/2
0923;3;0923-3-cropped.tif;test;0923/3
0923;4;0923-4-cropped.tif;test;0923/4
0923;6;0923-6-cropped.tif;test;0923/6
0925;1;0925-1-cropped.tif;test;0925/1
0925;2;0925-2-cropped.tif;test;0925/2
0925;3;0925-3-cropped.tif;test;0925/3
0925;4;0925-4-cropped.tif;test;0925/4
0925;6;0925-6-cropped.tif;test;0925/6
0926;1;0926-1-cropped.tif;test;0926/1
0926;2;0926-2-cropped.tif;test;0926/2
0926;3;0926-3-cropped.tif;test;0926/3
0926;4;0926-4-cropped.tif;test;0926/4
0926;6;0926-6-cropped.tif;test;0926/6
0927;1;0927-1-cropped.tif;test;0927/1
0927;2;0927-2-cropped.tif;test;0927/2
0927;3;0927-3-cropped.tif;test;0927/3
0927;4;0927-4-cropped.tif;test;0927/4
0927;6;0927-6-cropped.tif;test;0927/6
0928;1;0928-1-cropped.tif;test;0928/1
0928;2;0928-2-cropped.tif;test;0928/2
0928;3;0928-3-cropped.tif;test;0928/3
0928;4;0928-4-cropped.tif;test;0928/4
0928;6;0928-6-cropped.tif;test;0928/6
0932;1;0932-1-cropped.tif;test;0932/1
0932;2;0932-2-cropped.tif;test;0932/2
0932;3;0932-3-cropped.tif;test;0932/3
0932;4;0932-4-cropped.tif;test;0932/4
0932;6;0932-6-cropped.tif;test;0932/6
0934;1;0934-1-cropped.tif;test;0934/1
0934;2;0934-2-cropped.tif;test;0934/2
0934;3;0934-3-cropped.tif;test;0934/3
0934;4;0934-4-cropped.tif;test;0934/4
0934;6;0934-6-cropped.tif;test;0934/6
0935;1;0935-1-cropped.tif;test;0935/1
0935;2;0935-2-cropped.tif;test;0935/2
0935;3;0935-3-cropped.tif;test;0935/3
0935;4;0935-4-cropped.tif;test;0935/4
0935;6;0935-6-cropped.tif;test;0935/6
0936;1;0936-1-cropped.tif;test;0936/1
0936;2;0936-2-cropped.tif;test;0936/2
0936;3;0936-3-cropped.tif;test;0936/3
0936;4;0936-4-cropped.tif;test;0936/4
0936;6;0936-6-cropped.tif;test;0936/6
0937;1;0937-1-cropped.tif;test;0937/1
0937;2;0937-2-cropped.tif;test;0937/2
0937;3;0937-3-cropped.tif;test;0937/3
0937;4;0937-4-cropped.tif;test;0937/4
0937;6;0937-6-cropped.tif;test;0937/6
0938;1;0938-1-cropped.tif;test;0938/1
0938;2;0938-2-cropped.tif;test;0938/2
0938;3;0938-3-cropped.tif;test;0938/3
0938;4;0938-4-cropped.tif;test;0938/4
0938;6;0938-6-cropped.tif;test;0938/6
0939;1;0939-1-cropped.tif;test;0939/1
0939;2;0939-2-cropped.tif;test;0939/2
0939;3;0939-3-cropped.tif;test;0939/3
0939;4;0939-4-cropped.tif;test;0939/4
0939;6;0939-6-cropped.tif;test;0939/6
0941;1;0941-1-cropped.tif;test;0941/1
0941;2;0941-2-cropped.tif;test;0941/2
0941;3;0941-3-cropped.tif;test;0941/3
0941;4;0941-4-cropped.tif;test;0941/4
0941;6;0941-6-cropped.tif;test;0941/6
0944;1;0944-1-cropped.tif;test;0944/1
0944;2;0944-2-cropped.tif;test;0944/2
0944;3;0944-3-cropped.tif;test;0944/3
0944;4;0944-4-cropped.tif;test;0944/4
0944;6;0944-6-cropped.tif;test;0944/6
0945;1;0945-1-cropped.tif;test;0945/1
0945;2;0945-2-cropped.tif;test;0945/2
0945;3;0945-3-cropped.tif;test;0945/3
0945;4;0945-4-cropped.tif;test;0945/4
0945;6;0945-6-cropped.tif;test;0945/6
0946;1;0946-1-cropped.tif;test;0946/1
0946;2;0946-2-cropped.tif;test;0946/2
0946;3;0946-3-cropped.tif;test;0946/3
0946;4;0946-4-cropped.tif;test;0946/4
0946;6;0946-6-cropped.tif;test;0946/6
0948;1;0948-1-cropped.tif;test;0948/1
0948;2;0948-2-cropped.tif;test;0948/2
0948;3;0948-3-cropped.tif;test;0948/3
0948;4;0948-4-cropped.tif;test;0948/4
0948;6;0948-6-cropped.tif;test;0948/6
0950;1;0950-1-cropped.tif;test;0950/1
0950;2;0950-2-cropped.tif;test;0950/2
0950;3;0950-3-cropped.tif;test;0950/3
0950;4;0950-4-cropped.tif;test;0950/4
0950;6;0950-6-cropped.tif;test;0950/6
0952;1;0952-1-cropped.tif;test;0952/1
0952;2;0952-2-cropped.tif;test;0952/2
0952;3;0952-3-cropped.tif;test;0952/3
0952;4;0952-4-cropped.tif;test;0952/4
0952;6;0952-6-cropped.tif;test;0952/6
0953;1;0953-1-cropped.tif;test;0953/1
0953;2;0953-2-cropped.tif;test;0953/2
0953;3;0953-3-cropped.tif;test;0953/3
0953;4;0953-4-cropped.tif;test;0953/4
0953;6;0953-6-cropped.tif;test;0953/6
0956;1;0956-1-cropped.tif;test;0956/1
0956;2;0956-2-cropped.tif;test;0956/2
0956;3;0956-3-cropped.tif;test;0956/3
0956;4;0956-4-cropped.tif;test;0956/4
0956;6;0956-6-cropped.tif;test;0956/6
0957;1;0957-1-cropped.tif;test;0957/1
0957;2;0957-2-cropped.tif;test;0957/2
0957;3;0957-3-cropped.tif;test;0957/3
0957;4;0957-4-cropped.tif;test;0957/4
0957;6;0957-6-cropped.tif;test;0957/6
0960;1;0960-1-cropped.tif;test;0960/1
0960;2;0960-2-cropped.tif;test;0960/2
0960;3;0960-3-cropped.tif;test;0960/3
0960;4;0960-4-cropped.tif;test;0960/4
0960;6;0960-6-cropped.tif;test;0960/6
0962;1;0962-1-cropped.tif;test;0962/1
0962;2;0962-2-cropped.tif;test;0962/2
0962;3;0962-3-cropped.tif;test;0962/3
0962;4;0962-4-cropped.tif;test;0962/4
0962;6;0962-6-cropped.tif;test;0962/6
0963;1;0963-1-cropped.tif;test;0963/1
0963;2;0963-2-cropped.tif;test;0963/2
0963;3;0963-3-cropped.tif;test;0963/3
0963;4;0963-4-cropped.tif;test;0963/4
0963;6;0963-6-cropped.tif;test;0963/6
0964;1;0964-1-cropped.tif;test;0964/1
0964;2;0964-2-cropped.tif;test;0964/2
0964;3;0964-3-cropped.tif;test;0964/3
0964;4;0964-4-cropped.tif;test;0964/4
0964;6;0964-6-cropped.tif;test;0964/6
0965;1;0965-1-cropped.tif;test;0965/1
0965;2;0965-2-cropped.tif;test;0965/2
0965;3;0965-3-cropped.tif;test;0965/3
0965;4;0965-4-cropped.tif;test;0965/4
0965;6;0965-6-cropped.tif;test;0965/6
0966;1;0966-1-cropped.tif;test;0966/1
0966;2;0966-2-cropped.tif;test;0966/2
0966;3;0966-3-cropped.tif;test;0966/3
0966;4;0966-4-cropped.tif;test;0966/4
0966;6;0966-6-cropped.tif;test;0966/6
0968;1;0968-1-cropped.tif;test;0968/1
0968;2;0968-2-cropped.tif;test;0968/2
0968;3;0968-3-cropped.tif;test;0968/3
0968;4;0968-4-cropped.tif;test;0968/4
0968;6;0968-6-cropped.tif;test;0968/6
0972;1;0972-1-cropped.tif;test;0972/1
0972;2;0972-2-cropped.tif;test;0972/2
0972;3;0972-3-cropped.tif;test;0972/3
0972;4;0972-4-cropped.tif;test;0972/4
0972;6;0972-6-cropped.tif;test;0972/6
0976;1;0976-1-cropped.tif;test;0976/1
0976;2;0976-2-cropped.tif;test;0976/2
0976;3;0976-3-cropped.tif;test;0976/3
0976;4;0976-4-cropped.tif;test;0976/4
0976;6;0976-6-cropped.tif;test;0976/6
0992;1;0992-1-cropped.tif;test;0992/1
0992;2;0992-2-cropped.tif;test;0992/2
0992;3;0992-3-cropped.tif;test;0992/3
0992;4;0992-4-cropped.tif;test;0992/4
0992;6;0992-6-cropped.tif;test;0992/6
1101;1;1101-1-cropped.tif;test;1101/1
1101;2;1101-2-cropped.tif;test;1101/2
1101;3;1101-3-cropped.tif;test;1101/3
1101;4;1101-4-cropped.tif;test;1101/4
1101;6;1101-6-cropped.tif;test;1101/6
1105;1;1105-1-cropped.tif;test;1105/1
1105;2;1105-2-cropped.tif;test;1105/2
1105;3;1105-3-cropped.tif;test;1105/3
1105;4;1105-4-cropped.tif;test;1105/4
1105;6;1105-6-cropped.tif;test;1105/6
1117;1;1117-1-cropped.tif;test;1117/1
1117;2;1117-2-cropped.tif;test;1117/2
1117;3;1117-3-cropped.tif;test;1117/3
1117;4;1117-4-cropped.tif;test;1117/4
1117;6;1117-6-cropped.tif;test;1117/6
1120;1;1120-1-cropped.tif;test;1120/1
1120;2;1120-2-cropped.tif;test;1120/2
1120;3;1120-3-cropped.tif;test;1120/3
1120;4;1120-4-cropped.tif;test;1120/4
1120;6;1120-6-cropped.tif;test;1120/6
1121;1;1121-1-cropped.tif;test;1121/1
1121;2;1121-2-cropped.tif;test;1121/2
1121;3;1121-3-cropped.tif;test;1121/3
1121;4;1121-4-cropped.tif;test;1121/4
1121;6;1121-6-cropped.tif;test;1121/6
1122;1;1122-1-cropped.tif;test;1122/1
1122;2;1122-2-cropped.tif;test;1122/2
1122;3;1122-3-cropped.tif;test;1122/3
1122;4;1122-4-cropped.tif;test;1122/4
1122;6;1122-6-cropped.tif;test;1122/6
1124;1;1124-1-cropped.tif;test;1124/1
1124;2;1124-2-cropped.tif;test;1124/2
1124;3;1124-3-cropped.tif;test;1124/3
1124;4;1124-4-cropped.tif;test;1124/4
1124;6;1124-6-cropped.tif;test;1124/6
1130;1;1130-1-cropped.tif;test;1130/1
1130;2;1130-2-cropped.tif;test;1130/2
1130;3;1130-3-cropped.tif;test;1130/3
1130;4;1130-4-cropped.tif;test;1130/4
1130;6;1130-6-cropped.tif;test;1130/6
1133;1;1133-1-cropped.tif;test;1133/1
1133;2;1133-2-cropped.tif;test;1133/2
1133;3;1133-3-cropped.tif;test;1133/3
1133;4;1133-4-cropped.tif;test;1133/4
1133;6;1133-6-cropped.tif;test;1133/6
1139;1;1139-1-cropped.tif;test;1139/1
1139;2;1139-2-cropped.tif;test;1139/2
1139;3;1139-3-cropped.tif;test;1139/3
1139;4;1139-4-cropped.tif;test;1139/4
1139;6;1139-6-cropped.tif;test;1139/6