027;1;027_1.tif;val;027
027;2;027_2.tif;train;027
027;3;027_3.tif;train;027
027;4;027_4.tif;train;027
028;1;028_1.tif;train;028
028;2;028_2.tif;train;028
028;3;028_3.tif;val;028
028;4;028_4.tif;train;028
029;1;029_1.tif;train;029
029;2;029_2.tif;val;029
029;3;029_3.tif;train;029
029;4;029_4.tif;train;029
030;1;030_1.tif;train;030
030;2;030_2.tif;train;030
030;3;030_3.tif;train;030
030;4;030_4.tif;val;030
031;1;031_1.tif;val;031
031;2;031_2.tif;train;031
031;3;031_3.tif;train;031
031;4;031_4.tif;train;031
032;1;032_1.tif;train;032
032;2;032_2.tif;train;032
032;3;032_3.tif;val;032
032;4;032_4.tif;train;032
033;1;033_1.tif;train;033
033;2;033_2.tif;val;033
033;3;033_3.tif;train;033
033;4;033_4.tif;train;033
034;1;034_1.tif;train;034
034;2;034_2.tif;train;034
034;3;034_3.tif;train;034
034;4;034_4.tif;val;034
035;1;035_1.tif;val;035
035;2;035_2.tif;train;035
035;3;035_3.tif;train;035
035;4;035_4.tif;train;035
036;1;036_1.tif;train;036
036;2;036_2.tif;train;036
036;3;036_3.tif;val;036
036;4;036_4.tif;train;036
037;1;037_1.tif;train;037
037;2;037_2.tif;val;037
037;3;037_3.tif;train;037
037;4;037_4.tif;train;037
038;1;038_1.tif;train;038
038;2;038_2.tif;train;038
038;3;038_3.tif;train;038
038;4;038_4.tif;val;038
039;1;039_1.tif;val;039
039;2;039_2.tif;train;039
039;3;039_3.tif;train;039
039;4;039_4.tif;train;039
040;1;040_1.tif;train;040
040;2;040_2.tif;train;040
040;3;040_3.tif;val;040
040;4;040_4.tif;train;040
041;1;041_1.tif;train;041
041;2;041_2.tif;val;041
041;3;041_3.tif;train;041
041;4;041_4.tif;train;041
042;1;042_1.tif;train;042
042;2;042_2.tif;train;042
042;3;042_3.tif;train;042
042;4;042_4.tif;val;042
043;1;043_1.tif;val;043
043;2;043_2.tif;train;043
043;3;043_3.tif;train;043
043;4;043_4.tif;train;043
044;1;044_1.tif;train;044
044;2;044_2.tif;train;044
044;3;044_3.tif;val;044
044;4;044_4.tif;train;044
045;1;045_1.tif;train;045
045;2;045_2.tif;val;045
045;3;045_3.tif;train;045
045;4;045_4.tif;train;045
046;1;046_1.tif;train;046
046;2;046_2.tif;train;046
046;3;046_3.tif;train;046
046;4;046_4.tif;val;046
047;1;047_1.tif;val;047
047;2;047_2.tif;train;047
047;3;047_3.tif;train;047
047;4;047_4.tif;train;047
048;1;048_1.tif;train;048
048;2;048_2.tif;train;048
048;3;048_3.tif;val;048
048;4;048_4.tif;train;048
049;1;049_1.tif;train;049
049;2;049_2.tif;val;049
049;3;049_3.tif;train;049
049;4;049_4.tif;train;049
050;1;050_1.tif;train;050
050;2;050_2.tif;train;050
050;3;050_3.tif;train;050
050;4;050_4.tif;val;050
051;1;051_1.tif;val;051
051;2;051_2.tif;train;051
051;3;051_3.tif;train;051
051;4;051_4.tif;train;051
052;1;052_1.tif;train;052
052;2;052_2.tif;train;052
052;3;052_3.tif;val;052
052;4;052_4.tif;train;052
053;1;053_1.tif;train;053
053;2;053_2.tif;val;053
053;3;053_3.tif;train;053
053;4;053_4.tif;train;053
054;1;054_1.tif;train;054
054;2;054_2.tif;train;054
054;3;054_3.tif;train;054
054;4;054_4.tif;val;054
055;1;055_1.tif;val;055
055;2;055_2.tif;train;055
055;3;055_3.tif;train;055
055;4;055_4.tif;train;055
056;1;056_1.tif;train;056
056;2;056_2.tif;train;056
056;3;056_3.tif;val;056
056;4;056_4.tif;train;056
057;1;057_1.tif;train;057
057;2;057_2.tif;val;057
057;3;057_3.tif;train;057
057;4;057_4.tif;train;057
058;1;058_1.tif;train;058
058;2;058_2.tif;train;058
058;3;058_3.tif;train;058
058;4;058_4.tif;val;058
059;1;059_1.tif;val;059
059;2;059_2.tif;train;059
059;3;059_3.tif;train;059
059;4;059_4.tif;train;059
060;1;060_1.tif;train;060
060;2;060_2.tif;train;060
060;3;060_3.tif;val;060
060;4;060_4.tif;train;060
061;1;061_1.tif;train;061
061;2;061_2.tif;val;061
061;3;061_3.tif;train;061
061;4;061_4.tif;train;061
062;1;062_1.tif;train;062
062;2;062_2.tif;train;062
062;3;062_3.tif;train;062
062;4;062_4.tif;val;062
063;1;063_1.tif;val;063
063;2;063_2.tif;train;063
063;3;063_3.tif;train;063
063;4;063_4.tif;train;063
064;1;064_1.tif;train;064
064;2;064_2.tif;train;064
064;3;064_3.tif;val;064
064;4;064_4.tif;train;064
065;1;065_1.tif;train;065
065;2;065_2.tif;val;065
065;3;065_3.tif;train;065
065;4;065_4.tif;train;065
066;1;066_1.tif;train;066
066;2;066_2.tif;train;066
066;3;066_3.tif;train;066
066;4;066_4.tif;val;066
067;1;067_1.tif;val;067
067;2;067_2.tif;train;067
067;3;067_3.tif;train;067
067;4;067_4.tif;train;067
068;1;068_1.tif;train;068
068;2;068_2.tif;train;068
068;3;068_3.tif;val;068
068;4;068_4.tif;train;068
069;1;069_1.tif;train;069
069;2;069_2.tif;val;069
069;3;069_3.tif;train;069
069;4;069_4.tif;train;069
070;1;070_1.tif;train;070
070;2;070_2.tif;train;070
070;3;070_3.tif;train;070
070;4;070_4.tif;val;070
071;1;071_1.tif;val;071
071;2;071_2.tif;train;071
071;3;071_3.tif;train;071
071;4;071_4.tif;train;071
072;1;072_1.tif;train;072
072;2;072_2.tif;train;072
072;3;072_3.tif;val;072
072;4;072_4.tif;train;072
073;1;073_1.tif;train;073
073;2;073_2.tif;val;073
073;3;073_3.tif;train;073
073;4;073_4.tif;train;073
074;1;074_1.tif;train;074
074;2;074_2.tif;train;074
074;3;074_3.tif;train;074
074;4;074_4.tif;val;074
075;1;075_1.tif;val;075
075;2;075_2.tif;train;075
075;3;075_3.tif;train;075
075;4;075_4.tif;train;075
076;1;076_1.tif;train;076
076;2;076_2.tif;train;076
076;3;076_3.tif;val;076
076;4;076_4.tif;train;076
077;1;077_1.tif;train;077
077;2;077_2.tif;val;077
077;3;077_3.tif;train;077
077;4;077_4.tif;train;077
078;1;078_1.tif;train;078
078;2;078_2.tif;train;078
078;3;078_3.tif;train;078
078;4;078_4.tif;val;078
079;1;079_1.tif;val;079
079;2;079_2.tif;train;079
079;3;079_3.tif;train;079
079;4;079_4.tif;train;079
080;1;080_1.tif;train;080
080;2;080_2.tif;train;080
080;3;080_3.tif;val;080
080;4;080_4.tif;train;080
081;1;081_1.tif;train;081
081;2;081_2.tif;val;081
081;3;081_3.tif;train;081
081;4;081_4.tif;train;081
082;1;082_1.tif;train;082
082;2;082_2.tif;train;082
082;3;082_3.tif;train;082
082;4;082_4.tif;val;082
083;1;083_1.tif;val;083
083;2;083_2.tif;train;083
083;3;083_3.tif;train;083
083;4;083_4.tif;train;083
084;1;084_1.tif;train;084
084;2;084_2.tif;train;084
084;3;084_3.tif;val;084
084;4;084_4.tif;train;084
085;1;085_1.tif;train;085
085;2;085_2.tif;val;085
085;3;085_3.tif;train;085
085;4;085_4.tif;train;085
086;1;086_1.tif;train;086
086;2;086_2.tif;train;086
086;3;086_3.tif;train;086
086;4;086_4.tif;val;086
087;1;087_1.tif;val;087
087;2;087_2.tif;train;087
087;3;087_3.tif;train;087
087;4;087_4.tif;train;087
088;1;088_1.tif;train;088
088;2;088_2.tif;train;088
088;3;088_3.tif;val;088
088;4;088_4.tif;train;088
089;1;089_1.tif;train;089
089;2;089_2.tif;val;089
089;3;089_3.tif;train;089
089;4;089_4.tif;train;089
090;1;090_1.tif;train;090
090;2;090_2.tif;train;090
090;3;090_3.tif;train;090
090;4;090_4.tif;val;090
091;1;091_1.tif;val;091
091;2;091_2.tif;train;091
091;3;091_3.tif;train;091
091;4;091_4.tif;train;091
092;1;092_1.tif;train;092
092;2;092_2.tif;train;092
092;3;092_3.tif;val;092
092;4;092_4.tif;train;092
093;1;093_1.tif;train;093
093;2;093_2.tif;val;093
093;3;093_3.tif;train;093
093;4;093_4.tif;train;093
094;1;094_1.tif;train;094
094;2;094_2.tif;train;094
094;3;094_3.tif;train;094
094;4;094_4.tif;val;094
095;1;095_1.tif;val;095
095;2;095_2.tif;train;095
095;3;095_3.tif;train;095
095;4;095_4.tif;train;095
096;1;096_1.tif;train;096
096;2;096_2.tif;train;096
096;3;096_3.tif;val;096
096;4;096_4.tif;train;096
097;1;097_1.tif;train;097
097;2;097_2.tif;val;097
097;3;097_3.tif;train;097
097;4;097_4.tif;train;097
098;1;098_1.tif;train;098
098;2;098_2.tif;train;098
098;3;098_3.tif;train;098
098;4;098_4.tif;val;098
099;1;099_1.tif;val;099
099;2;099_2.tif;train;099
099;3;099_3.tif;train;099
099;4;099_4.tif;train;099
100;1;100_1.tif;train;100
100;2;100_2.tif;train;100
100;3;100_3.tif;val;100
100;4;100_4.tif;train;100
101;1;101_1.tif;train;101
101;2;101_2.tif;val;101
101;3;101_3.tif;train;101
101;4;101_4.tif;train;101
102;1;102_1.tif;train;102
102;2;102_2.tif;train;102
102;3;102_3.tif;train;102
102;4;102_4.tif;val;102
103;1;103_1.tif;val;103
103;2;103_2.tif;train;103
103;3;103_3.tif;train;103
103;4;103_4.tif;train;103
104;1;104_1.tif;train;104
104;2;104_2.tif;train;104
104;3;104_3.tif;val;104
104;4;104_4.tif;train;104
105;1;105_1.tif;train;105
105;2;105_2.tif;val;105
105;3;105_3.tif;train;105
105;4;105_4.tif;train;105
106;1;106_1.tif;train;106
106;2;106_2.tif;train;106
106;3;106_3.tif;train;106
106;4;106_4.tif;val;106
107;1;107_1.tif;val;107
107;2;107_2.tif;train;107
107;3;107_3.tif;train;107
107;4;107_4.tif;train;107
108;1;108_1.tif;train;108
108;2;108_2.tif;train;108
108;3;108_3.tif;val;108
108;4;108_4.tif;train;108
109;1;109_1.tif;train;109
109;2;109_2.tif;val;109
109;3;109_3.tif;train;109
109;4;109_4.tif;train;109
110;1;110_1.tif;train;110
110;2;110_2.tif;train;110
110;3;110_3.tif;train;110
110;4;110_4.tif;val;110
111;1;111_1.tif;val;111
111;2;111_2.tif;train;111
111;3;111_3.tif;train;111
111;4;111_4.tif;train;111
112;1;112_1.tif;train;112
112;2;112_2.tif;train;112
112;3;112_3.tif;val;112
112;4;112_4.tif;train;112
113;1;113_1.tif;train;113
113;2;113_2.tif;val;113
113;3;113_3.tif;train;113
113;4;113_4.tif;train;113
114;1;114_1.tif;train;114
114;2;114_2.tif;train;114
114;3;114_3.tif;train;114
114;4;114_4.tif;val;114
115;1;115_1.tif;val;115
115;2;115_2.tif;train;115
115;3;115_3.tif;train;115
115;4;115_4.tif;train;115
116;1;116_1.tif;train;116
116;2;116_2.tif;train;116
116;3;116_3.tif;val;116
116;4;116_4.tif;train;116
117;1;117_1.tif;train;117
117;2;117_2.tif;val;117
117;3;117_3.tif;train;117
117;4;117_4.tif;train;117
118;1;118_1.tif;train;118
118;2;118_2.tif;train;118
118;3;118_3.tif;train;118
118;4;118_4.tif;val;118
119;1;119_1.tif;val;119
119;2;119_2.tif;train;119
119;3;119_3.tif;train;119
119;4;119_4.tif;train;119
120;1;120_1.tif;train;120
120;2;120_2.tif;train;120
120;3;120_3.tif;val;120
120;4;120_4.tif;train;120
121;1;121_1.tif;train;121
121;2;121_2.tif;val;121
121;3;121_3.tif;train;121
121;4;121_4.tif;train;121
122;1;122_1.tif;train;122
122;2;122_2.tif;train;122
122;3;122_3.tif;train;122
122;4;122_4.tif;val;122
123;1;123_1.tif;val;123
123;2;123_2.tif;train;123
123;3;123_3.tif;train;123
123;4;123_4.tif;train;123
124;1;124_1.tif;train;124
124;2;124_2.tif;train;124
124;3;124_3.tif;val;124
124;4;124_4.tif;train;124
125;1;125_1.tif;train;125
125;2;125_2.tif;val;125
125;3;125_3.tif;train;125
125;4;125_4.tif;train;125
126;1;126_1.tif;train;126
126;2;126_2.tif;train;126
126;3;126_3.tif;train;126
126;4;126_4.tif;val;126
001;1;001_1.tif;test;001/1
001;2;001_2.tif;test;001/2
001;3;001_3.tif;test;001/3
001;4;001_4.tif;test;001/4
002;1;002_1.tif;test;002/1
002;2;002_2.tif;test;002/2
002;3;002_3.tif;test;002/3
002;4;002_4.tif;test;002/4
003;1;003_1.tif;test;003/1
003;2;003_2.tif;test;003/2
003;3;003_3.tif;test;003/3
003;4;003_4.tif;test;003/4
004;1;004_1.tif;test;004/1
004;2;004_2.tif;test;004/2
004;3;004_3.tif;test;004/3
004;4;004_4.tif;test;004/4
005;1;005_1.tif;test;005/1
005;2;005_2.tif;test;005/2
005;3;005_3.tif;test;005/3
005;4;005_4.tif;test;005/4
006;1;006_1.tif;test;006/1
006;2;006_2.tif;test;006/2
006;3;006_3.tif;test;006/3
006;4;006_4.tif;test;006/4
007;1;007_1.tif;test;007/1
007;2;007_2.tif;test;007/2
007;3;007_3.tif;test;007/3
007;4;007_4.tif;test;007/4
008;1;008_1.tif;test;008/1
008;2;008_2.tif;test;008/2
008;3;008_3.tif;test;008/3
008;4;008_4.tif;test;008/4
009;1;009_1.tif;test;009/1
009;2;009_2.tif;test;009/2
009;3;009_3.tif;test;009/3
009;4;009_4.tif;test;009/4
010;1;010_1.tif;test;010/1
010;2;010_2.tif;test;010/2
010;3;010_3.tif;test;010/3
010;4;010_4.tif;test;010/4
011;1;011_1.tif;test;011/1
011;2;011_2.tif;test;011/2
011;3;011_3.tif;test;011/3
011;4;011_4.tif;test;011/4
012;1;012_1.tif;test;012/1
012;2;012_2.tif;test;012/2
012;3;012_3.tif;test;012/3
012;4;012_4.tif;test;012/4
013;1;013_1.tif;test;013/1
013;2;013_2.tif;test;013/2
013;3;013_3.tif;test;013/3
013;4;013_4.tif;test;013/4
014;1;014_1.tif;test;014/1
014;2;014_2.tif;test;014/2
014;3;014_3.tif;test;014/3
014;4;014_4.tif;test;014/4
015;1;015_1.tif;test;015/1
015;2;015_2.tif;test;015/2
015;3;015_3.tif;test;015/3
015;4;015_4.tif;test;015/4
016;1;016_1.tif;test;016/1
016;2;016_2.tif;test;016/2
016;3;016_3.tif;test;016/3
016;4;016_4.tif;test;016/4
017;1;017_1.tif;test;017/1
017;2;017_2.tif;test;017/2
017;3;017_3.tif;test;017/3
017;4;017_4.tif;test;017/4
018;1;018_1.tif;test;018/1
018;2;018_2.tif;test;018/2
018;3;018_3.tif;test;018/3
018;4;018_4.tif;test;018/4
019;1;019_1.tif;test;019/1
019;2;019_2.tif;test;019/2
019;3;019_3.tif;test;019/3
019;4;019_4.tif;test;019/4
020;1;020_1.tif;test;020/1
020;2;020_2.tif;test;020/2
020;3;020_3.tif;test;020/3
020;4;020_4.tif;test;020/4
021;1;021_1.tif;test;021/1
021;2;021_2.tif;test;021/2
021;3;021_3.tif;test;021/3
021;4;021_4.tif;test;021/4
022;1;022_1.tif;test;022/1
022;2;022_2.tif;test;022/2
022;3;022_3.tif;test;022/3
022;4;022_4.tif;test;022/4
023;1;023_1.tif;test;023/1
023;2;023_2.tif;test;023/2
023;3;023_3.tif;test;023/3
023;4;023_4.tif;test;023/4
024;1;024_1.tif;test;024/1
024;2;024_2.tif;test;024/2
024;3;024_3.tif;test;024/3
024;4;024_4.tif;test;024/4
025;1;025_1.tif;test;025/1
025;2;025_2.tif;test;025/2
025;3;025_3.tif;test;025/3
025;4;025_4.tif;test;025/4
026;1;026_1.tif;test;026/1
026;2;026_2.tif;test;026/2
026;3;026_3.tif;test;026/3
026;4;026_4.tif;test;026/4
027;1;027_1.tif;test;027/1
027;2;027_2.tif;test;027/2
027;3;027_3.tif;test;027/3
027;4;027_4.tif;test;027/4
028;1;028_1.tif;test;028/1
028;2;028_2.tif;test;028/2
028;3;028_3.tif;test;028/3
028;4;028_4.tif;test;028/4
029;1;029_1.tif;test;029/1
029;2;029_2.tif;test;029/2
029;3;029_3.tif;test;029/3
029;4;029_4.tif;test;029/4
030;1;030_1.tif;test;030/1
030;2;030_2.tif;test;030/2
030;3;030_3.tif;test;030/3
030;4;030_4.tif;test;030/4
031;1;031_1.tif;test;031/1
031;2;031_2.tif;test;031/2
031;3;031_3.tif;test;031/3
031;4;031_4.tif;test;031/4
032;1;032_1.tif;test;032/1
032;2;032_2.tif;test;032/2
032;3;032_3.tif;test;032/3
032;4;032_4.tif;test;032/4
033;1;033_1.tif;test;033/1
033;2;033_2.tif;test;033/2
033;3;033_3.tif;test;033/3
033;4;033_4.tif;test;033/4
034;1;034_1.tif;test;034/1
034;2;034_2.tif;test;034/2
034;3;034_3.tif;test;034/3
034;4;034_4.tif;test;034/4
035;1;035_1.tif;test;035/1
035;2;035_2.tif;test;035/2
035;3;035_3.tif;test;035/3
035;4;035_4.tif;test;035/4
036;1;036_1.tif;test;036/1
036;2;036_2.tif;test;036/2
036;3;036_3.tif;test;036/3
036;4;036_4.tif;test;036/4
037;1;037_1.tif;test;037/1
037;2;037_2.tif;test;037/2
037;3;037_3.tif;test;037/3
037;4;037_4.tif;test;037/4
038;1;038_1.tif;test;038/1
038;2;038_2.tif;test;038/2
038;3;038_3.tif;test;038/3
038;4;038_4.tif;test;038/4
039;1;039_1.tif;test;039/1
039;2;039_2.tif;test;039/2
039;3;039_3.tif;test;039/3
039;4;039_4.tif;test;039/4
040;1;040_1.tif;test;040/1
040;2;040_2.tif;test;040/2
040;3;040_3.tif;test;040/3
040;4;040_4.tif;test;040/4
041;1;041_1.tif;test;041/1
041;2;041_2.tif;test;041/2
041;3;041_3.tif;test;041/3
041;4;041_4.tif;test;041/4
042;1;042_1.tif;test;042/1
042;2;042_2.tif;test;042/2
042;3;042_3.tif;test;042/3
042;4;042_4.tif;test;042/4
043;1;043_1.tif;test;043/1
043;2;043_2.tif;test;043/2
043;3;043_3.tif;test;043/3
043;4;043_4.tif;test;043/4
044;1;044_1.tif;test;044/1
044;2;044_2.tif;test;044/2
044;3;044_3.tif;test;044/3
044;4;044_4.tif;test;044/4
045;1;045_1.tif;test;045/1
045;2;045_2.tif;test;045/2
045;3;045_3.tif;test;045/3
045;4;045_4.tif;test;045/4
046;1;046_1.tif;test;046/1
046;2;046_2.tif;test;046/2
046;3;046_3.tif;test;046/3
046;4;046_4.tif;test;046/4
047;1;047_1.tif;test;047/1
047;2;047_2.tif;test;047/2
047;3;047_3.tif;test;047/3
047;4;047_4.tif;test;047/4
048;1;048_1.tif;test;048/1
048;2;048_2.tif;test;048/2
048;3;048_3.tif;test;048/3
048;4;048_4.tif;test;048/4
049;1;049_1.tif;test;049/1
049;2;049_2.tif;test;049/2
049;3;049_3.tif;test;049/3
049;4;049_4.tif;test;049/4
050;1;050_1.tif;test;050/1
050;2;050_2.tif;test;050/2
050;3;050_3.tif;test;050/3
050;4;050_4.tif;test;050/4
051;1;051_1.tif;test;051/1
051;2;051_2.tif;test;051/2
051;3;051_3.tif;test;051/3
051;4;051_4.tif;test;051/4
052;1;052_1.tif;test;052/1
052;2;052_2.tif;test;052/2
052;3;052_3.tif;test;052/3
052;4;052_4.tif;test;052/4
053;1;053_1.tif;test;053/1
053;2;053_2.tif;test;053/2
053;3;053_3.tif;test;053/3
053;4;053_4.tif;test;053/4
054;1;054_1.tif;test;054/1
054;2;054_2.tif;test;054/2
054;3;054_3.tif;test;054/3
054;4;054_4.tif;test;054/4
055;1;055_1.tif;test;055/1
055;2;055_2.tif;test;055/2
055;3;055_3.tif;test;055/3
055;4;055_4.tif;test;055/4
056;1;056_1.tif;test;056/1
056;2;056_2.tif;test;056/2
056;3;056_3.tif;test;056/3
056;4;056_4.tif;test;056/4
057;1;057_1.tif;test;057/1
057;2;057_2.tif;test;057/2
057;3;057_3.tif;test;057/3
057;4;057_4.tif;test;057/4
058;1;058_1.tif;test;058/1
058;2;058_2.tif;test;058/2
058;3;058_3.tif;test;058/3
058;4;058_4.tif;test;058/4
059;1;059_1.tif;test;059/1
059;2;059_2.tif;test;059/2
059;3;059_3.tif;test;059/3
059;4;059_4.tif;test;059/4
060;1;060_1.tif;test;060/1
060;2;060_2.tif;test;060/2
060;3;060_3.tif;test;060/3
060;4;060_4.tif;test;060/4
061;1;061_1.tif;test;061/1
061;2;061_2.tif;test;061/2
061;3;061_3.tif;test;061/3
061;4;061_4.tif;test;061/4
062;1;062_1.tif;test;062/1
062;2;062_2.tif;test;062/2
062;3;062_3.tif;test;062/3
062;4;062_4.tif;test;062/4
063;1;063_1.tif;test;063/1
063;2;063_2.tif;test;063/2
063;3;063_3.tif;test;063/3
063;4;063_4.tif;test;063/4
064;1;064_1.tif;test;064/1
064;2;064_2.tif;test;064/2
064;3;064_3.tif;test;064/3
064;4;064_4.tif;test;064/4
065;1;065_1.tif;test;065/1
065;2;065_2.tif;test;065/2
065;3;065_3.tif;test;065/3
065;4;065_4.tif;test;065/4
066;1;066_1.tif;test;066/1
066;2;066_2.tif;test;066/2
066;3;066_3.tif;test;066/3
066;4;066_4.tif;test;066/4
067;1;067_1.tif;test;067/1
067;2;067_2.tif;test;067/2
067;3;067_3.tif;test;067/3
067;4;067_4.tif;test;067/4
068;1;068_1.tif;test;068/1
068;2;068_2.tif;test;068/2
068;3;068_3.tif;test;068/3
068;4;068_4.tif;test;068/4
069;1;069_1.tif;test;069/1
069;2;069_2.tif;test;069/2
069;3;069_3.tif;test;069/3
069;4;069_4.tif;test;069/4
070;1;070_1.tif;test;070/1
070;2;070_2.tif;test;070/2
070;3;070_3.tif;test;070/3
070;4;070_4.tif;test;070/4
071;1;071_1.tif;test;071/1
071;2;071_2.tif;test;071/2
071;3;071_3.tif;test;071/3
071;4;071_4.tif;test;071/4
072;1;072_1.tif;test;072/1
072;2;072_2.tif;test;072/2
072;3;072_3.tif;test;072/3
072;4;072_4.tif;test;072/4
073;1;073_1.tif;test;073/1
073;2;073_2.tif;test;073/2
073;3;073_3.tif;test;073/3
073;4;073_4.tif;test;073/4
074;1;074_1.tif;test;074/1
074;2;074_2.tif;test;074/2
074;3;074_3.tif;test;074/3
074;4;074_4.tif;test;074/4
075;1;075_1.tif;test;075/1
075;2;075_2.tif;test;075/2
075;3;075_3.tif;test;075/3
075;4;075_4.tif;test;075/4
076;1;076_1.tif;test;076/1
076;2;076_2.tif;test;076/2
076;3;076_3.tif;test;076/3
076;4;076_4.tif;test;076/4
077;1;077_1.tif;test;077/1
077;2;077_2.tif;test;077/2
077;3;077_3.tif;test;077/3
077;4;077_4.tif;test;077/4
078;1;078_1.tif;test;078/1
078;2;078_2.tif;test;078/2
078;3;078_3.tif;test;078/3
078;4;078_4.tif;test;078/4
079;1;079_1.tif;test;079/1
079;2;079_2.tif;test;079/2
079;3;079_3.tif;test;079/3
079;4;079_4.tif;test;079/4
080;1;080_1.tif;test;080/1
080;2;080_2.tif;test;080/2
080;3;080_3.tif;test;080/3
080;4;080_4.tif;test;080/4
081;1;081_1.tif;test;081/1
081;2;081_2.tif;test;081/2
081;3;081_3.tif;test;081/3
081;4;081_4.tif;test;081/4
082;1;082_1.tif;test;082/1
082;2;082_2.tif;test;082/2
082;3;082_3.tif;test;082/3
082;4;082_4.tif;test;082/4
083;1;083_1.tif;test;083/1
083;2;083_2.tif;test;083/2
083;3;083_3.tif;test;083/3
083;4;083_4.tif;test;083/4
084;1;084_1.tif;test;084/1
084;2;084_2.tif;test;084/2
084;3;084_3.tif;test;084/3
084;4;084_4.tif;test;084/4
085;1;085_1.tif;test;085/1
085;2;085_2.tif;test;085/2
085;3;085_3.tif;test;085/3
085;4;085_4.tif;test;085/4
086;1;086_1.tif;test;086/1
086;2;086_2.tif;test;086/2
086;3;086_3.tif;test;086/3
086;4;086_4.tif;test;086/4
087;1;087_1.tif;test;087/1
087;2;087_2.tif;test;087/2
087;3;087_3.tif;test;087/3
087;4;087_4.tif;test;087/4
088;1;088_1.tif;test;088/1
088;2;088_2.tif;test;088/2
088;3;088_3.tif;test;088/3
088;4;088_4.tif;test;088/4
089;1;089_1.tif;test;089/1
089;2;089_2.tif;test;089/2
089;3;089_3.tif;test;089/3
089;4;089_4.tif;test;089/4
090;1;090_1.tif;test;090/1
090;2;090_2.tif;test;090/2
090;3;090_3.tif;test;090/3
090;4;090_4.tif;test;090/4
091;1;091_1.tif;test;091/1
091;2;091_2.tif;test;091/2
091;3;091_3.tif;test;091/3
091;4;091_4.tif;test;091/4
092;1;092_1.tif;test;092/1
092;2;092_2.tif;test;092/2
092;3;092_3.tif;test;092/3
092;4;092_4.tif;test;092/4
093;1;093_1.tif;test;093/1
093;2;093_2.tif;test;093/2
093;3;093_3.tif;test;093/3
093;4;093_4.tif;test;093/4
094;1;094_1.tif;test;094/1
094;2;094_2.tif;test;094/2
094;3;094_3.tif;test;094/3
094;4;094_4.tif;test;094/4
095;1;095_1.tif;test;095/1
095;2;095_2.tif;test;095/2
095;3;095_3.tif;test;095/3
095;4;095_4.tif;test;095/4
096;1;096_1.tif;test;096/1
096;2;096_2.tif;test;096/2
096;3;096_3.tif;test;096/3
096;4;096_4.tif;test;096/4
097;1;097_1.tif;test;097/1
097;2;097_2.tif;test;097/2
097;3;097_3.tif;test;097/3
097;4;097_4.tif;test;097/4
098;1;098_1.tif;test;098/1
098;2;098_2.tif;test;098/2
098;3;098_3.tif;test;098/3
098;4;098_4.tif;test;098/4
099;1;099_1.tif;test;099/1
099;2;099_2.tif;test;099/2
099;3;099_3.tif;test;099/3
099;4;099_4.tif;test;099/4
100;1;100_1.tif;test;100/1
100;2;100_2.tif;test;100/2
100;3;100_3.tif;test;100/3
100;4;100_4.tif;test;100/4
101;1;101_1.tif;test;101/1
101;2;101_2.tif;test;101/2
101;3;101_3.tif;test;101/3
101;4;101_4.tif;test;101/4
102;1;102_1.tif;test;102/1
102;2;102_2.tif;test;102/2
102;3;102_3.tif;test;102/3
102;4;102_4.tif;test;102/4
103;1;103_1.tif;test;103/1
103;2;103_2.tif;test;103/2
103;3;103_3.tif;test;103/3
103;4;103_4.tif;test;103/4
104;1;104_1.tif;test;104/1
104;2;104_2.tif;test;104/2
104;3;104_3.tif;test;104/3
104;4;104_4.tif;test;104/4
105;1;105_1.tif;test;105/1
105;2;105_2.tif;test;105/2
105;3;105_3.tif;test;105/3
105;4;105_4.tif;test;105/4
106;1;106_1.tif;test;106/1
106;2;106_2.tif;test;106/2
106;3;106_3.tif;test;106/3
106;4;106_4.tif;test;106/4
107;1;107_1.tif;test;107/1
107;2;107_2.tif;test;107/2
107;3;107_3.tif;test;107/3
107;4;107_4.tif;test;107/4
108;1;108_1.tif;test;108/1
108;2;108_2.tif;test;108/2
108;3;108_3.tif;test;108/3
108;4;108_4.tif;test;108/4
109;1;109_1.tif;test;109/1
109;2;109_2.tif;test;109/2
109;3;109_3.tif;test;109/3
109;4;109_4.tif;test;109/4
110;1;110_1.tif;test;110/1
110;2;110_2.tif;test;110/2
110;3;110_3.tif;test;110/3
110;4;110_4.tif;test;110/4
111;1;111_1.tif;test;111/1
111;2;111_2.tif;test;111/2
111;3;111_3.tif;test;111/3
111;4;111_4.tif;test;111/4
112;1;112_1.tif;test;112/1
112;2;112_2.tif;test;112/2
112;3;112_3.tif;test;112/3
112;4;112_4.tif;test;112/4
113;1;113_1.tif;test;113/1
113;2;113_2.tif;test;113/2
113;3;113_3.tif;test;113/3
113;4;113_4.tif;test;113/4
114;1;114_1.tif;test;114/1
114;2;114_2.tif;test;114/2
114;3;114_3.tif;test;114/3
114;4;114_4.tif;test;114/4
115;1;115_1.tif;test;115/1
115;2;115_2.tif;test;115/2
115;3;115_3.tif;test;115/3
115;4;115_4.tif;test;115/4
116;1;116_1.tif;test;116/1
116;2;116_2.tif;test;116/2
116;3;116_3.tif;test;116/3
116;4;116_4.tif;test;116/4
117;1;117_1.tif;test;117/1
117;2;117_2.tif;test;117/2
117;3;117_3.tif;test;117/3
117;4;117_4.tif;test;117/4
118;1;118_1.tif;test;118/1
118;2;118_2.tif;test;118/2
118;3;118_3.tif;test;118/3
118;4;118_4.tif;test;118/4
119;1;119_1.tif;test;119/1
119;2;119_2.tif;test;119/2
119;3;119_3.tif;test;119/3
119;4;119_4.tif;test;119/4
120;1;120_1.tif;test;120/1
120;2;120_2.tif;test;120/2
120;3;120_3.tif;test;120/3
120;4;120_4.tif;test;120/4
121;1;121_1.tif;test;121/1
121;2;121_2.tif;test;121/2
121;3;121_3.tif;test;121/3
121;4;121_4.tif;test;121/4
122;1;122_1.tif;test;122/1
122;2;122_2.tif;test;122/2
122;3;122_3.tif;test;122/3
122;4;122_4.tif;test;122/4
123;1;123_1.tif;test;123/1
123;2;123_2.tif;test;123/2
123;3;123_3.tif;test;123/3
123;4;123_4.tif;test;123/4
124;1;124_1.tif;test;124/1
124;2;124_2.tif;test;124/2
124;3;124_3.tif;test;124/3
124;4;124_4.tif;test;124/4
125;1;125_1.tif;test;125/1
125;2;125_2.tif;test;125/2
125;3;125_3.tif;test;125/3
125;4;125_4.tif;test;125/4
126;1;126_1.tif;test;126/1
126;2;126_2.tif;test;126/2
126;3;126_3.tif;test;126/3
126;4;126_4.tif;test;126/4
127;1;127_1.tif;test;127/1
127;2;127_2.tif;test;127/2
127;3;127_3.tif;test;127/3
127;4;127_4.tif;test;127/4
128;1;128_1.tif;test;128/1
128;2;128_2.tif;test;128/2
128;3;128_3.tif;test;128/3
128;4;128_4.tif;test;128/4
129;1;129_1.tif;test;129/1
129;2;129_2.tif;test;129/2
129;3;129_3.tif;test;129/3
129;4;129_4.tif;test;129/4
130;1;130_1.tif;test;130/1
130;2;130_2.tif;test;130/2
130;3;130_3.tif;test;130/3
130;4;130_4.tif;test;130/4
131;1;131_1.tif;test;131/1
131;2;131_2.tif;test;131/2
131;3;131_3.tif;test;131/3
131;4;131_4.tif;test;131/4
132;1;132_1.tif;test;132/1
132;2;132_2.tif;test;132/2
132;3;132_3.tif;test;132/3
132;4;132_4.tif;test;132/4
133;1;133_1.tif;test;133/1
133;2;133_2.tif;test;133/2
133;3;133_3.tif;test;133/3
133;4;133_4.tif;test;133/4
134;1;134_1.tif;test;134/1
134;2;134_2.tif;test;134/2
134;3;134_3.tif;test;134/3
134;4;134_4.tif;test;134/4
135;1;135_1.tif;test;135/1
135;2;135_2.tif;test;135/2
135;3;135_3.tif;test;135/3
135;4;135_4.tif;test;135/4
136;1;136_1.tif;test;136/1
136;2;136_2.tif;test;136/2
136;3;136_3.tif;test;136/3
136;4;136_4.tif;test;136/4
137;1;137_1.tif;test;137/1
137;2;137_2.tif;test;137/2
137;3;137_3.tif;test;137/3
137;4;137_4.tif;test;137/4
138;1;138_1.tif;test;138/1
138;2;138_2.tif;test;138/2
138;3;138_3.tif;test;138/3
138;4;138_4.tif;test;138/4
139;1;139_1.tif;test;139/1
139;2;139_2.tif;test;139/2
139;3;139_3.tif;test;139/3
139;4;139_4.tif;test;139/4
140;1;140_1.tif;test;140/1
140;2;140_2.tif;test;140/2
140;3;140_3.tif;test;140/3
140;4;140_4.tif;test;140/4
141;1;141_1.tif;test;141/1
141;2;141_2.tif;test;141/2
141;3;141_3.tif;test;141/3
141;4;141_4.tif;test;141/4
142;1;142_1.tif;test;142/1
142;2;142_2.tif;test;142/2
142;3;142_3.tif;test;142/3
142;4;142_4.tif;test;142/4
143;1;143_1.tif;test;143/1
143;2;143_2.tif;test;143/2
143;3;143_3.tif;test;143/3
143;4;143_4.tif;test;143/4
144;1;144_1.tif;test;144/1
144;2;144_2.tif;test;144/2
144;3;144_3.tif;test;144/3
144;4;144_4.tif;test;144/4
145;1;145_1.tif;test;145/1
145;2;145_2.tif;test;145/2
145;3;145_3.tif;test;145/3
145;4;145_4.tif;test;145/4
146;1;146_1.tif;test;146/1
146;2;146_2.tif;test;146/2
146;3;146_3.tif;test;146/3
146;4;146_4.tif;test;146/4
147;1;147_1.tif;test;147/1
147;2;147_2.tif;test;147/2
147;3;147_3.tif;test;147/3
147;4;147_4.tif;test;147/4
148;1;148_1.tif;test;148/1
148;2;148_2.tif;test;148/2
148;3;148_3.tif;test;148/3
148;4;148_4.tif;test;148/4
149;1;149_1.tif;test;149/1
149;2;149_2.tif;test;149/2
149;3;149_3.tif;test;149/3
149;4;149_4.tif;test;149/4
150;1;150_1.tif;test;150/1
150;2;150_2.tif;test;150/2
150;3;150_3.tif;test;150/3
150;4;150_4.tif;test;150/4
151;1;151_1.tif;test;151/1
151;2;151_2.tif;test;151/2
151;3;151_3.tif;test;151/3
151;4;151_4.tif;test;151/4
152;1;152_1.tif;test;152/1
152;2;152_2.tif;test;152/2
152;3;152_3.tif;test;152/3
152;4;152_4.tif;test;152/4
153;1;153_1.tif;test;153/1
153;2;153_2.tif;test;153/2
153;3;153_3.tif;test;153/3
153;4;153_4.tif;test;153/4
154;1;154_1.tif;test;154/1
154;2;154_2.tif;test;154/2
154;3;154_3.tif;test;154/3
154;4;154_4.tif;test;154/4
155;1;155_1.tif;test;155/1
155;2;155_2.tif;test;155/2
155;3;155_3.tif;test;155/3
155;4;155_4.tif;test;155/4
156;1;156_1.tif;test;156/1
156;2;156_2.tif;test;156/2
156;3;156_3.tif;test;156/3
156;4;156_4.tif;test;156/4
157;1;157_1.tif;test;157/1
157;2;157_2.tif;test;157/2
157;3;157_3.tif;test;157/3
157;4;157_4.tif;test;157/4
158;1;158_1.tif;test;158/1
158;2;158_2.tif;test;158/2
158;3;158_3.tif;test;158/3
158;4;158_4.tif;test;158/4
159;1;159_1.tif;test;159/1
159;2;159_2.tif;test;159/2
159;3;159_3.tif;test;159/3
159;4;159_4.tif;test;159/4
160;1;160_1.tif;test;160/1
160;2;160_2.tif;test;160/2
160;3;160_3.tif;test;160/3
160;4;160_4.tif;test;160/4
161;1;161_1.tif;test;161/1
161;2;161_2.tif;test;161/2
161;3;161_3.tif;test;161/3
161;4;161_4.tif;test;161/4
162;1;162_1.tif;test;162/1
162;2;162_2.tif;test;162/2
162;3;162_3.tif;test;162/3
162;4;162_4.tif;test;162/4
163;1;163_1.tif;test;163/1
163;2;163_2.tif;test;163/2
163;3;163_3.tif;test;163/3
163;4;163_4.tif;test;163/4
164;1;164_1.tif;test;164/1
164;2;164_2.tif;test;164/2
164;3;164_3.tif;test;164/3
164;4;164_4.tif;test;164/4
165;1;165_1.tif;test;165/1
165;2;165_2.tif;test;165/2
165;3;165_3.tif;test;165/3
165;4;165_4.tif;test;165/4
166;1;166_1.tif;test;166/1
166;2;166_2.tif;test;166/2
166;3;166_3.tif;test;166/3
166;4;166_4.tif;test;166/4
167;1;167_1.tif;test;167/1
167;2;167_2.tif;test;167/2
167;3;167_3.tif;test;167/3
167;4;167_4.tif;test;167/4
168;1;168_1.tif;test;168/1
168;2;168_2.tif;test;168/2
168;3;168_3.tif;test;168/3
168;4;168_4.tif;test;168/4
169;1;169_1.tif;test;169/1
169;2;169_2.tif;test;169/2
169;3;169_3.tif;test;169/3
169;4;169_4.tif;test;169/4
170;1;170_1.tif;test;170/1
170;2;170_2.tif;test;170/2
170;3;170_3.tif;test;170/3
170;4;170_4.tif;test;170/4
171;1;171_1.tif;test;171/1
171;2;171_2.tif;test;171/2
171;3;171_3.tif;test;171/3
171;4;171_4.tif;test;171/4
172;1;172_1.tif;test;172/1
172;2;172_2.tif;test;172/2
172;3;172_3.tif;test;172/3
172;4;172_4.tif;test;172/4
173;1;173_1.tif;test;173/1
173;2;173_2.tif;test;173/2
173;3;173_3.tif;test;173/3
173;4;173_4.tif;test;173/4
174;1;174_1.tif;test;174/1
174;2;174_2.tif;test;174/2
174;3;174_3.tif;test;174/3
174;4;174_4.tif;test;174/4
175;1;175_1.tif;test;175/1
175;2;175_2.tif;test;175/2
175;3;175_3.tif;test;175/3
175;4;175_4.tif;test;175/4
176;1;176_1.tif;test;176/1
176;2;176_2.tif;test;176/2
176;3;176_3.tif;test;176/3
176;4;176_4.tif;test;176/4
177;1;177_1.tif;test;177/1
177;2;177_2.tif;test;177/2
177;3;177_3.tif;test;177/3
177;4;177_4.tif;test;177/4
178;1;178_1.tif;test;178/1
178;2;178_2.tif;test;178/2
178;3;178_3.tif;test;178/3
178;4;178_4.tif;test;178/4
179;1;179_1.tif;test;179/1
179;2;179_2.tif;test;179/2
179;3;179_3.tif;test;179/3
179;4;179_4.tif;test;179/4
180;1;180_1.tif;test;180/1
180;2;180_2.tif;test;180/2
180;3;180_3.tif;test;180/3
180;4;180_4.tif;test;180/4
181;1;181_1.tif;test;181/1
181;2;181_2.tif;test;181/2
181;3;181_3.tif;test;181/3
181;4;181_4.tif;test;181/4
182;1;182_1.tif;test;182/1
182;2;182_2.tif;test;182/2
182;3;182_3.tif;test;182/3
182;4;182_4.tif;test;182/4
183;1;183_1.tif;test;183/1
183;2;183_2.tif;test;183/2
183;3;183_3.tif;test;183/3
183;4;183_4.tif;test;183/4
184;1;184_1.tif;test;184/1
184;2;184_2.tif;test;184/2
184;3;184_3.tif;test;184/3
184;4;184_4.tif;test;184/4
185;1;185_1.tif;test;185/1
185;2;185_2.tif;test;185/2
185;3;185_3.tif;test;185/3
185;4;185_4.tif;test;185/4
186;1;186_1.tif;test;186/1
186;2;186_2.tif;test;186/2
186;3;186_3.tif;test;186/3
186;4;186_4.tif;test;186/4
187;1;187_1.tif;test;187/1
187;2;187_2.tif;test;187/2
187;3;187_3.tif;test;187/3
187;4;187_4.tif;test;187/4
188;1;188_1.tif;test;188/1
188;2;188_2.tif;test;188/2
188;3;188_3.tif;test;188/3
188;4;188_4.tif;test;188/4
189;1;189_1.tif;test;189/1
189;2;189_2.tif;test;189/2
189;3;189_3.tif;test;189/3
189;4;189_4.tif;test;189/4
190;1;190_1.tif;test;190/1
190;2;190_2.tif;test;190/2
190;3;190_3.tif;test;190/3
190;4;190_4.tif;test;190/4
191;1;191_1.tif;test;191/1
191;2;191_2.tif;test;191/2
191;3;191_3.tif;test;191/3
191;4;191_4.tif;test;191/4
192;1;192_1.tif;test;192/1
192;2;192_2.tif;test;192/2
192;3;192_3.tif;test;192/3
192;4;192_4.tif;test;192/4
193;1;193_1.tif;test;193/1
193;2;193_2.tif;test;193/2
193;3;193_3.tif;test;193/3
193;4;193_4.tif;test;193/4
194;1;194_1.tif;test;194/1
194;2;194_2.tif;test;194/2
194;3;194_3.tif;test;194/3
194;4;194_4.tif;test;194/4
195;1;195_1.tif;test;195/1
195;2;195_2.tif;test;195/2
195;3;195_3.tif;test;195/3
195;4;195_4.tif;test;195/4
196;1;196_1.tif;test;196/1
196;2;196_2.tif;test;196/2
196;3;196_3.tif;test;196/3
196;4;196_4.tif;test;196/4
197;1;197_1.tif;test;197/1
197;2;197_2.tif;test;197/2
197;3;197_3.tif;test;197/3
197;4;197_4.tif;test;197/4
198;1;198_1.tif;test;198/1
198;2;198_2.tif;test;198/2
198;3;198_3.tif;test;198/3
198;4;198_4.tif;test;198/4
199;1;199_1.tif;test;199/1
199;2;199_2.tif;test;199/2
199;3;199_3.tif;test;199/3
199;4;199_4.tif;test;199/4
200;1;200_1.tif;test;200/1
200;2;200_2.tif;test;200/2
200;3;200_3.tif;test;200/3
200;4;200_4.tif;test;200/4
201;1;201_1.tif;test;201/1
201;2;201_2.tif;test;201/2
201;3;201_3.tif;test;201/3
201;4;201_4.tif;test;201/4
202;1;202_1.tif;test;202/1
202;2;202_2.tif;test;202/2
202;3;202_3.tif;test;202/3
202;4;202_4.tif;test;202/4
203;1;203_1.tif;test;203/1
203;2;203_2.tif;test;203/2
203;3;203_3.tif;test;203/3
203;4;203_4.tif;test;203/4
204;1;204_1.tif;test;204/1
204;2;204_2.tif;test;204/2
204;3;204_3.tif;test;204/3
204;4;204_4.tif;test;204/4
205;1;205_1.tif;test;205/1
205;2;205_2.tif;test;205/2
205;3;205_3.tif;test;205/3
205;4;205_4.tif;test;205/4
206;1;206_1.tif;test;206/1
206;2;206_2.tif;test;206/2
206;3;206_3.tif;test;206/3
206;4;206_4.tif;test;206/4
207;1;207_1.tif;test;207/1
207;2;207_2.tif;test;207/2
207;3;207_3.tif;test;207/3
207;4;207_4.tif;test;207/4
208;1;208_1.tif;test;208/1
208;2;208_2.tif;test;208/2
208;3;208_3.tif;test;208/3
208;4;208_4.tif;test;208/4
209;1;209_1.tif;test;209/1
209;2;209_2.tif;test;209/2
209;3;209_3.tif;test;209/3
209;4;209_4.tif;test;209/4
210;1;210_1.tif;test;210/1
210;2;210_2.tif;test;210/2
210;3;210_3.tif;test;210/3
210;4;210_4.tif;test;210/4
211;1;211_1.tif;test;211/1
211;2;211_2.tif;test;211/2
211;3;211_3.tif;test;211/3
211;4;211_4.tif;test;211/4
212;1;212_1.tif;test;212/1
212;2;212_2.tif;test;212/2
212;3;212_3.tif;test;212/3
212;4;212_4.tif;test;212/4
213;1;213_1.tif;test;213/1
213;2;213_2.tif;test;213/2
213;3;213_3.tif;test;213/3
213;4;213_4.tif;test;213/4
214;1;214_1.tif;test;214/1
214;2;214_2.tif;test;214/2
214;3;214_3.tif;test;214/3
214;4;214_4.tif;test;214/4
215;1;215_1.tif;test;215/1
215;2;215_2.tif;test;215/2
215;3;215_3.tif;test;215/3
215;4;215_4.tif;test;215/4
216;1;216_1.tif;test;216/1
216;2;216_2.tif;test;216/2
216;3;216_3.tif;test;216/3
216;4;216_4.tif;test;216/4
217;1;217_1.tif;test;217/1
217;2;217_2.tif;test;217/2
217;3;217_3.tif;test;217/3
217;4;217_4.tif;test;217/4
218;1;218_1.tif;test;218/1
218;2;218_2.tif;test;218/2
218;3;218_3.tif;test;218/3
218;4;218_4.tif;test;218/4
219;1;219_1.tif;test;219/1
219;2;219_2.tif;test;219/2
219;3;219_3.tif;test;219/3
219;4;219_4.tif;test;219/4
220;1;220_1.tif;test;220/1
220;2;220_2.tif;test;220/2
220;3;220_3.tif;test;220/3
220;4;220_4.tif;test;220/4
221;1;221_1.tif;test;221/1
221;2;221_2.tif;test;221/2
221;3;221_3.tif;test;221/3
221;4;221_4.tif;test;221/4
222;1;222_1.tif;test;222/1
222;2;222_2.tif;test;222/2
222;3;222_3.tif;test;222/3
222;4;222_4.tif;test;222/4
223;1;223_1.tif;test;223/1
223;2;223_2.tif;test;223/2
223;3;223_3.tif;test;223/3
223;4;223_4.tif;test;223/4
224;1;224_1.tif;test;224/1
224;2;224_2.tif;test;224/2
224;3;224_3.tif;test;224/3
224;4;224_4.tif;test;224/4
225;1;225_1.tif;test;225/1
225;2;225_2.tif;test;225/2
225;3;225_3.tif;test;225/3
225;4;225_4.tif;test;225/4
226;1;226_1.tif;test;226/1
226;2;226_2.tif;test;226/2
226;3;226_3.tif;test;226/3
226;4;226_4.tif;test;226/4
227;1;227_1.tif;test;227/1
227;2;227_2.tif;test;227/2
227;3;227_3.tif;test;227/3
227;4;227_4.tif;test;227/4
228;1;228_1.tif;test;228/1
228;2;228_2.tif;test;228/2
228;3;228_3.tif;test;228/3
228;4;228_4.tif;test;228/4
229;1;229_1.tif;test;229/1
229;2;229_2.tif;test;229/2
229;3;229_3.tif;test;229/3
229;4;229_4.tif;test;229/4
230;1;230_1.tif;test;230/1
230;2;230_2.tif;test;230/2
230;3;230_3.tif;test;230/3
230;4;230_4.tif;test;230/4
231;1;231_1.tif;test;231/1
231;2;231_2.tif;test;231/2
231;3;231_3.tif;test;231/3
231;4;231_4.tif;test;231/4
232;1;232_1.tif;test;232/1
232;2;232_2.tif;test;232/2
232;3;232_3.tif;test;232/3
232;4;232_4.tif;test;232/4
233;1;233_1.tif;test;233/1
233;2;233_2.tif;test;233/2
233;3;233_3.tif;test;233/3
233;4;233_4.tif;test;233/4
234;1;234_1.tif;test;234/1
234;2;234_2.tif;test;234/2
234;3;234_3.tif;test;234/3
234;4;234_4.tif;test;234/4
235;1;235_1.tif;test;235/1
235;2;235_2.tif;test;235/2
235;3;235_3.tif;test;235/3
235;4;235_4.tif;test;235/4
236;1;236_1.tif;test;236/1
236;2;236_2.tif;test;236/2
236;3;236_3.tif;test;236/3
236;4;236_4.tif;test;236/4
237;1;237_1.tif;test;237/1
237;2;237_2.tif;test;237/2
237;3;237_3.tif;test;237/3
237;4;237_4.tif;test;237/4
238;1;238_1.tif;test;238/1
238;2;238_2.tif;test;238/2
238;3;238_3.tif;test;238/3
238;4;238_4.tif;test;238/4
239;1;239_1.tif;test;239/1
239;2;239_2.tif;test;239/2
239;3;239_3.tif;test;239/3
239;4;239_4.tif;test;239/4
240;1;240_1.tif;test;240/1
240;2;240_2.tif;test;240/2
240;3;240_3.tif;test;240/3
240;4;240_4.tif;test;240/4
241;1;241_1.tif;test;241/1
241;2;241_2.tif;test;241/2
241;3;241_3.tif;test;241/3
241;4;241_4.tif;test;241/4
242;1;242_1.tif;test;242/1
242;2;242_2.tif;test;242/2
242;3;242_3.tif;test;242/3
242;4;242_4.tif;test;242/4
243;1;243_1.tif;test;243/1
243;2;243_2.tif;test;243/2
243;3;243_3.tif;test;243/3
243;4;243_4.tif;test;243/4
244;1;244_1.tif;test;244/1
244;2;244_2.tif;test;244/2
244;3;244_3.tif;test;244/3
244;4;244_4.tif;test;244/4
245;1;245_1.tif;test;245/1
245;2;245_2.tif;test;245/2
245;3;245_3.tif;test;245/3
245;4;245_4.tif;test;245/4
246;1;246_1.tif;test;246/1
246;2;246_2.tif;test;246/2
246;3;246_3.tif;test;246/3
246;4;246_4.tif;test;246/4
247;1;247_1.tif;test;247/1
247;2;247_2.tif;test;247/2
247;3;247_3.tif;test;247/3
247;4;247_4.tif;test;247/4
248;1;248_1.tif;test;248/1
248;2;248_2.tif;test;248/2
248;3;248_3.tif;test;248/3
248;4;248_4.tif;test;248/4
249;1;249_1.tif;test;249/1
249;2;249_2.tif;test;249/2
249;3;249_3.tif;test;249/3
249;4;249_4.tif;test;249/4
250;1;250_1.tif;test;250/1
250;2;250_2.tif;test;250/2
250;3;250_3.tif;test;250/3
250;4;250_4.tif;test;250/4